Sample Barcode,Sample Label,Freezer Name,Rack Name,Box Name,Filter Type (Conditional)
eLP_E01_21w_0002,eLP_E01_21w_0002,Maine-eDNA (Hitchner),Supor_Rack_2,supor_2/6/23,Supor
eLP_E01_21w_0004,eLP_E01_21w_0004,Maine-eDNA (Hitchner),Supor_Rack_2,supor_2/6/23,Supor
eLP_E01_21w_0009,eLP_E01_21w_0009,Maine-eDNA (Hitchner),Supor_Rack_2,supor_2/6/23,Supor
eLP_E01_21w_0010,eLP_E01_21w_0010,Maine-eDNA (Hitchner),Supor_Rack_2,supor_2/6/23,Supor
eLP_E01_21w_0012,eLP_E01_21w_0012,Kinnison lab (Murray),Additional Penobscot index filters + 4 boxes from machias,supor_2/6/25,Supor
eLP_E01_21w_0015,eLP_E01_21w_0015,Kinnison lab (Murray),Additional Penobscot index filters + 4 boxes from machias,supor_2/6/24,Supor
eLP_E01_21w_0019,eLP_E01_21w_0019,Maine-eDNA (Hitchner),Supor_Rack_2,supor_2/6/23,Supor
eLP_E01_21w_0020,eLP_E01_21w_0020,Kinnison lab (Murray),Additional Penobscot index filters + 4 boxes from machias,supor_2/6/24,Supor
eLP_E01_21w_0024,eLP_E01_21w_0024,Maine-eDNA (Hitchner),Supor_Rack_2,supor_2/6/23,Supor
eLP_E01_21w_0027,eLP_E01_21w_0027,Maine-eDNA (Hitchner),Supor_Rack_2,supor_2/6/23,Supor
eLP_E01_21w_0030,eLP_E01_21w_0030,Maine-eDNA (Hitchner),Supor_Rack_2,supor_2/6/23,Supor
eLP_E01_21w_0031,eLP_E01_21w_0031,Maine-eDNA (Hitchner),Supor_Rack_2,supor_2/17/23,Supor
eLP_E01_21w_0034,eLP_E01_21w_0034,Maine-eDNA (Hitchner),Supor_Rack_2,supor_2/17/23,Supor
eLP_E01_21w_0035,eLP_E01_21w_0035,Maine-eDNA (Hitchner),Supor_Rack_2,supor_2/17/23,Supor
eLP_E01_21w_0043,eLP_E01_21w_0043,Maine-eDNA (Hitchner),Supor_Rack_2,supor_2/17/23,Supor
eLP_E01_21w_0044,eLP_E01_21w_0044,Maine-eDNA (Hitchner),Supor_Rack_2,supor_2/17/23,Supor
eLP_E01_21w_0048,eLP_E01_21w_0048,Maine-eDNA (Hitchner),Supor_Rack_2,supor_2/17/23,Supor
eLP_E01_21w_0049,eLP_E01_21w_0049,Maine-eDNA (Hitchner),Supor_Rack_2,supor_2/17/23,Supor
eLP_E01_21w_0052,eLP_E01_21w_0052,Maine-eDNA (Hitchner),Supor_Rack_2,supor_2/17/23,Supor
eLP_E01_21w_0053,eLP_E01_21w_0053,Maine-eDNA (Hitchner),Supor_Rack_2,supor_2/17/23,Supor
eLP_E01_21w_0055,eLP_E01_21w_0055,Maine-eDNA (Hitchner),Supor_Rack_2,supor_2/17/23,Supor
eLP_E01_21w_0057,eLP_E01_21w_0057,Maine-eDNA (Hitchner),Supor_Rack_2,supor_2/17/23,Supor
eLP_E01_21w_0060,eLP_E01_21w_0060,Maine-eDNA (Hitchner),Supor_Rack_2,supor_2/17/23,Supor
eLP_E01_21w_0061,eLP_E01_21w_0061,Maine-eDNA (Hitchner),Supor_Rack_2,supor_2/17/23,Supor
eLP_E01_21w_0064,eLP_E01_21w_0064,Maine-eDNA (Hitchner),Supor_Rack_2,supor_2/17/23,Supor
eLP_E01_21w_0065,eLP_E01_21w_0065,Maine-eDNA (Hitchner),Supor_Rack_2,supor_2/17/23,Supor
eLP_E01_21w_0072,eLP_E01_21w_0072,Maine-eDNA (Hitchner),Supor_Rack_2,supor_2/6/23,Supor
eLP_E01_21w_0074,eLP_E01_21w_0074,Maine-eDNA (Hitchner),Supor_Rack_2,supor_2/6/23,Supor
eLP_E01_21w_0077,eLP_E01_21w_0077,Maine-eDNA (Hitchner),Supor_Rack_2,supor_2/6/23,Supor
eLP_E01_21w_0078,eLP_E01_21w_0078,Maine-eDNA (Hitchner),Supor_Rack_2,supor_2/6/23,Supor
eLP_E01_21w_0081,eLP_E01_21w_0081,Maine-eDNA (Hitchner),Supor_Rack_2,supor_2/6/23,Supor
eLP_E01_21w_0082,eLP_E01_21w_0082,Maine-eDNA (Hitchner),Supor_Rack_2,supor_2/6/23,Supor
eLP_E01_21w_0087,eLP_E01_21w_0087,Maine-eDNA (Hitchner),Supor_Rack_2,supor_2/17/23,Supor
eLP_E01_21w_0089,eLP_E01_21w_0089,Maine-eDNA (Hitchner),Supor_Rack_2,supor_2/17/23,Supor
eLP_E01_21w_0092,eLP_E01_21w_0092,Maine-eDNA (Hitchner),Supor_Rack_2,supor_2/17/23,Supor
eLP_E01_21w_0093,eLP_E01_21w_0093,Maine-eDNA (Hitchner),Supor_Rack_2,supor_2/17/23,Supor
eLP_E01_21w_0096,eLP_E01_21w_0096,Maine-eDNA (Hitchner),Supor_Rack_2,supor_2/17/23,Supor
eLP_E01_21w_0097,eLP_E01_21w_0097,Maine-eDNA (Hitchner),Supor_Rack_2,supor_2/17/23,Supor
eLP_E01_21w_0102,eLP_E01_21w_0102,Maine-eDNA (Hitchner),Supor_Rack_2,supor2_2/17/23,Supor
eLP_E01_21w_0104,eLP_E01_21w_0104,Maine-eDNA (Hitchner),Supor_Rack_2,supor2_2/17/23,Supor
eLP_E01_21w_0107,eLP_E01_21w_0107,Maine-eDNA (Hitchner),Supor_Rack_2,supor2_2/17/23,Supor
eLP_E01_21w_0108,eLP_E01_21w_0108,Maine-eDNA (Hitchner),Supor_Rack_2,supor2_2/17/23,Supor
eLP_E01_21w_0111,eLP_E01_21w_0111,Maine-eDNA (Hitchner),Supor_Rack_2,supor2_2/17/23,Supor
eLP_E01_21w_0112,eLP_E01_21w_0112,Maine-eDNA (Hitchner),Supor_Rack_2,supor2_2/17/23,Supor
eLP_E01_22w_0002,eLP_E01_22w_0002,Kinnison lab (Murray),Additional Penobscot Index Filters +4 Boxes From Machias,Supor_1-27-23,Supor
eLP_E01_22w_0005,eLP_E01_22w_0005,Kinnison lab (Murray),Additional Penobscot Index Filters +4 Boxes From Machias,Supor_1-27-23,Supor
eLP_E01_22w_0009,eLP_E01_22w_0009,Maine-eDNA (Hitchner),Supor_Rack_2,Supor_1/27/23,Supor
eLP_E01_22w_0010,eLP_E01_22w_0010,Kinnison lab (Murray),Additional Penobscot Index Filters + 4 Boxes from Machias,eLP_E01_22w_0010,Supor
eLP_E01_22w_0012,eLP_E01_22w_0012,Kinnison lab (Murray),Additional Penobscot Index Filters + 4 Boxes from Machias,Supor_1-27-23,Supor
eLP_E01_22w_0015,eLP_E01_22w_0015,Maine-eDNA (Hitchner),Supor_Rack_2,Supor_1/27/23,Supor
eLP_E01_22w_0019,eLP_E01_22w_0019,Maine-eDNA (Hitchner),Supor_Rack_2,Supor_1/27/23,Supor
eLP_E01_22w_0020,eLP_E01_22w_0020,Maine-eDNA (Hitchner),Supor_Rack_2,Supor_1/27/23,Supor
eLP_E01_22w_0024,eLP_E01_22w_0024,Kinnison lab (Murray),Additional Penobscot Index Filters + 4 Boxes from Machias,Supor_1-27-23,Supor
eLP_E01_22w_0025,eLP_E01_22w_0025,Kinnison lab (Murray),Additional Penobscot Index Filters + 4 Boxes from Machias,Supor_1-27-23,Supor
eLP_E01_22w_0045,eLP_E01,Maine-eDNA (Hitchner),Supor_Rack_1,Supor_3/27/23,Supor
eLP_E01_22w_0047,eLP_E01,Maine-eDNA (Hitchner),Supor_Rack_1,Supor_3/27/23,Supor
eLP_E01_22w_0050,eLP_E01,Maine-eDNA (Hitchner),Supor_Rack_1,Supor_3/27/23,Supor
eLP_E01_22w_0051,eLP_E01,Maine-eDNA (Hitchner),Supor_Rack_1,Supor_3/27/23,Supor
eLP_E01_22w_0053,eLP_E01,Maine-eDNA (Hitchner),Supor_Rack_1,Supor_3/27/23,Supor
eLP_E01_22w_0054,eLP_E01,Maine-eDNA (Hitchner),Supor_Rack_1,Supor_3/27/23,Supor
eLP_E01_22w_0060,eLP_E01,Maine-eDNA (Hitchner),Supor_Rack_1,Supor_3/27/23,Supor
eLP_E01_22w_0062,eLP_E01,Maine-eDNA (Hitchner),Supor_Rack_1,Supor_3/27/23,Supor
eLP_E01_22w_0065,eLP_E01,Maine-eDNA (Hitchner),Supor_Rack_1,Supor_3/27/23,Supor
eLP_E01_22w_0066,eLP_E01,Maine-eDNA (Hitchner),Supor_Rack_1,Supor_3/27/23,Supor
eLP_E01_22w_0069,eLP_E01,Maine-eDNA (Hitchner),Supor_Rack_1,Supor_3/27/23,Supor
eLP_E01_22w_0070,eLP_E01,Maine-eDNA (Hitchner),Supor_Rack_1,Supor_3/27/23,Supor
eLP_E01_23w_0004,,Maine-eDNA (Hitchner),Supor_Rack_3,Supor_4/17/23,Supor
eLP_E01_23w_0006,,Maine-eDNA (Hitchner),Supor_Rack_3,Supor_4/17/23,Supor
eLP_E01_23w_0009,,Maine-eDNA (Hitchner),Supor_Rack_3,Supor_4/17/23,Supor
eLP_E04_21w_0002,eLP_E04_21w_0002,Maine-eDNA (Hitchner),Supor_Rack_2,supor_2/6/23,Supor
eLP_E04_21w_0005,eLP_E04_21w_0005,Maine-eDNA (Hitchner),Supor_Rack_2,supor_2/6/23,Supor
eLP_E04_21w_0009,eLP_E04_21w_0009,Maine-eDNA (Hitchner),Supor_Rack_2,supor_2/6/23,Supor
eLP_E04_21w_0010,eLP_E04_21w_0010,Maine-eDNA (Hitchner),Supor_Rack_2,supor_2/6/23,Supor
eLP_E04_21w_0012,eLP_E04_21w_0012,Maine-eDNA (Hitchner),Supor_Rack_2,supor_2/6/23,Supor
eLP_E04_21w_0015,eLP_E04_21w_0015,Maine-eDNA (Hitchner),Supor_Rack_2,supor_2/6/23,Supor
eLP_E04_21w_0019,eLP_E04_21w_0019,Maine-eDNA (Hitchner),Supor_Rack_2,supor_2/6/23,Supor
eLP_E04_21w_0020,eLP_E04_21w_0020,Maine-eDNA (Hitchner),Supor_Rack_2,supor_2/6/23,Supor
eLP_E04_21w_0045,eLP_E04_21w_0045,Maine-eDNA (Hitchner),Supor_Rack_2,supor_2/17/23,Supor
eLP_E04_21w_0047,eLP_E04_21w_0047,Maine-eDNA (Hitchner),Supor_Rack_2,supor_2/17/23,Supor
eLP_E04_21w_0050,eLP_E04_21w_0050,Maine-eDNA (Hitchner),Supor_Rack_2,supor_2/17/23,Supor
eLP_E04_21w_0051,eLP_E04_21w_0051,Maine-eDNA (Hitchner),Supor_Rack_2,supor_2/17/23,Supor
eLP_E04_21w_0055,eLP_E04_21w_0055 ,Maine-eDNA (Hitchner),Supor_Rack_2,Supor_2/17/23,Supor
eLP_E04_21w_0060,eLP_E04_21w_0060,Maine-eDNA (Hitchner),Supor_Rack_2,supor_2/17/23,Supor
eLP_E04_21w_0062,eLP_E04_21w_0062,Maine-eDNA (Hitchner),Supor_Rack_2,supor_2/17/23,Supor
eLP_E04_21w_0065,eLP_E04_21w_0065,Maine-eDNA (Hitchner),Supor_Rack_2,supor_2/17/23,Supor
eLP_E04_21w_0066,eLP_E04_21w_0066,Maine-eDNA (Hitchner),Supor_Rack_2,supor_2/17/23,Supor
eLP_E04_21w_0069,eLP_E04_21w_0069,Maine-eDNA (Hitchner),Supor_Rack_2,supor_2/17/23,Supor
eLP_E04_21w_0070,eLP_E04_21w_0070,Maine-eDNA (Hitchner),Supor_Rack_2,supor_2/17/23,Supor
eLP_E04_21w_0099,eLP_E04_21w_0099,Maine-eDNA (Hitchner),Supor_Rack_2,supor2_2/17/23,Supor
eLP_E04_21w_0102,eLP_E04_21w_0102,Maine-eDNA (Hitchner),Supor_Rack_2,supor2_2/17/23,Supor
eLP_E04_21w_0106,eLP_E04_21w_0106,Maine-eDNA (Hitchner),Supor_Rack_2,supor2_2/17/23,Supor
eLP_E04_21w_0107,eLP_E04_21w_0107,Maine-eDNA (Hitchner),Supor_Rack_2,supor2_2/17/23,Supor
eLP_E04_21w_0148,eLP_E04_21w_0148,Maine-eDNA (Hitchner),Supor_Rack_2,supor_2/17/23,Supor
eLP_E04_21w_0150,eLP_E04_21w_0150,Maine-eDNA (Hitchner),Supor_Rack_2,supor_2/17/23,Supor
eLP_E04_21w_0153,eLP_E04_21w_0153,Maine-eDNA (Hitchner),Supor_Rack_2,supor_2/17/23,Supor
eLP_E04_21w_0154,eLP_E04_21w_0154,Maine-eDNA (Hitchner),Supor_Rack_2,supor_2/17/23,Supor
eLP_E04_21w_0157,eLP_E04_21w_0157,Maine-eDNA (Hitchner),Supor_Rack_2,supor_2/17/23,Supor
eLP_E04_21w_0158,eLP_E04_21w_0158,Maine-eDNA (Hitchner),Supor_Rack_2,supor_2/17/23,Supor
eLP_E04_21w_0160,eLP_E04_21w_0160,Maine-eDNA (Hitchner),Supor_Rack_2,supor2_2/17/23,Supor
eLP_E04_21w_0162,eLP_E04_21w_0162,Maine-eDNA (Hitchner),Supor_Rack_2,supor2_2/17/23,Supor
eLP_E04_21w_0165,eLP_E04_21w_0165,Maine-eDNA (Hitchner),Supor_Rack_2,supor2_2/17/23,Supor
eLP_E04_21w_0166,eLP_E04_21w_0166,Maine-eDNA (Hitchner),Supor_Rack_2,supor2_2/17/23,Supor
eLP_E04_21w_0169,eLP_E04_21w_0169,Maine-eDNA (Hitchner),Supor_Rack_2,supor2_2/17/23,Supor
eLP_E04_21w_0170,eLP_E04_21w_0170,Maine-eDNA (Hitchner),Supor_Rack_2,supor2_2/17/23,Supor
eLP_E04_22w_0002,eLP_E04_22w_0002,Kinnison lab (Murray),Additional Penobscot Index Filters +4 Boxes From Machias,Supor_1-27-23,Supor
eLP_E04_22w_0005,eLP_E04_22w_0005,Kinnison lab (Murray),Additional Penobscot Index Filters +4 Boxes From Machias,Supor_1-27-23,Supor
eLP_E04_22w_0009,eLP_E04_22w_0009,Kinnison lab (Murray),Additional Penobscot Index Filters +4 Boxes From Machias,Supor_1-27-23,Supor
eLP_E04_22w_0010,eLP_E04_22w_0010,Maine-eDNA (Hitchner),Supor_Rack_2,Supor_1/27/23,Supor
eLP_E04_22w_0012,eLP_E04_22w_0012,Kinnison lab (Murray),Additional Penobscot Index Filters + 4 Boxes from Machias,Supor_1-27-23,Supor
eLP_E04_22w_0014,eLP_E04_22w_0014,Kinnison lab (Murray),Additional Penobscot Index Filters + 4 Boxes from Machias,Supor_1-27-23,Supor
eLP_E04_22w_0017,eLP_E04_22w_0017,Maine-eDNA (Hitchner),Supor_Rack_2,Supor_1/27/23,Supor
eLP_E04_22w_0018,eLP_E04_22w_0018,Maine-eDNA (Hitchner),Supor_Rack_2,Supor_1/27/23,Supor
eLP_E04_22w_0021,eLP_E04_22w_0021,Kinnison lab (Murray),Additional Penobscot Index Filters + 4 Boxes from Machias,Supor_1-27-23,Supor
eLP_E04_22w_0022,eLP_E04_22w_0022,Maine-eDNA (Hitchner),Supor_Rack_2,Supor_1/27/23,Supor
eLP_E04_22w_0027,eLP_E04,Maine-eDNA (Hitchner),Supor_Rack_1,Supor_3/27/23,Supor
eLP_E04_22w_0029,eLP_E04,Maine-eDNA (Hitchner),Supor_Rack_1,Supor_3/27/23,Supor
eLP_E04_22w_0032,eLP_E04,Maine-eDNA (Hitchner),Supor_Rack_1,Supor_3/27/23,Supor
eLP_E04_22w_0033,eLP_E04,Maine-eDNA (Hitchner),Supor_Rack_1,Supor_3/27/23,Supor
eLP_E04_22w_0072,eLP_E04,Maine-eDNA (Hitchner),Supor_Rack_1,Supor_3/27/23,Supor
eLP_E04_22w_0074,eLP_E04,Maine-eDNA (Hitchner),Supor_Rack_1,Supor_3/27/23,Supor
eLP_E04_22w_0077,eLP_E04,Maine-eDNA (Hitchner),Supor_Rack_1,Supor_3/27/23,Supor
eLP_E04_22w_0080,eLP_E04,Maine-eDNA (Hitchner),Supor_Rack_1,Supor_3/27/23,Supor
eLP_E04_23w_0003,,Maine-eDNA (Hitchner),Supor_Rack_3,Supor_4/17/23,Supor
eLP_E04_23w_0005,,Maine-eDNA (Hitchner),Supor_Rack_3,Supor_4/17/23,Supor
eLP_E04_23w_0009,,Maine-eDNA (Hitchner),Supor_Rack_3,Supor_4/17/23,Supor
eLP_E04_23w_0010,,Maine-eDNA (Hitchner),Supor_Rack_3,Supor_4/17/23,Supor
eLP_L02_21w_0004,eLP_L02_21w_0004,Maine-eDNA (Hitchner),Supor_Rack_2,supor_2/6/23,Supor
eLP_L02_21w_0008,eLP_L02_21w_0008,Maine-eDNA (Hitchner),Supor_Rack_2,supor_2/6/23,Supor
eLP_L02_21w_0009,eLP_L02_21w_0009,Maine-eDNA (Hitchner),Supor_Rack_2,supor_2/6/23,Supor
eLP_L02_21w_0011,eLP_L02_21w_0011,Maine-eDNA (Hitchner),Supor_Rack_2,supor_2/6/23,Supor
eLP_L02_21w_0016,eLP_L02_21w_0016,Maine-eDNA (Hitchner),Supor_Rack_2,supor_2/6/23,Supor
eLP_L02_21w_0020,eLP_L02_21w_0020,Maine-eDNA (Hitchner),Supor_Rack_2,supor_2/6/23,Supor
eLP_L02_21w_0021,eLP_L02_21w_0021,Maine-eDNA (Hitchner),Supor_Rack_2,supor_2/6/23,Supor
eLP_L02_21w_0025,eLP_L02_21w_0025,Maine-eDNA (Hitchner),Supor_Rack_2,supor_2/6/23,Supor
eLP_L02_21w_0029,eLP_L02_21w_0029,Maine-eDNA (Hitchner),Supor_Rack_2,supor_2/6/23,Supor
eLP_L02_21w_0030,eLP_L02_21w_0030,Maine-eDNA (Hitchner),Supor_Rack_2,supor_2/6/23,Supor
eLP_L02_21w_0035,eLP_L02_21w_0035 ,Maine-eDNA (Hitchner),Supor_Rack_2,Supor_2/17/23,Supor
eLP_L02_21w_0037,eLP_L02_21w_0037 ,Maine-eDNA (Hitchner),Supor_Rack_2,Supor_2/17/23,Supor
eLP_L02_21w_0040,eLP_L02_21w_0040 ,Maine-eDNA (Hitchner),Supor_Rack_2,Supor_2/17/23,Supor
eLP_L02_21w_0041,eLP_L02_21w_0041 ,Maine-eDNA (Hitchner),Supor_Rack_2,Supor_2/17/23,Supor
eLP_L02_21w_0044,eLP_L02_21w_0044 ,Maine-eDNA (Hitchner),Supor_Rack_2,Supor_2/17/23,Supor
eLP_L02_21w_0045,eLP_L02_21w_0045,Maine-eDNA (Hitchner),Supor_Rack_2,supor_2/17/23,Supor
eLP_L02_21w_0053,eLP_L02_21w_0053,Maine-eDNA (Hitchner),Supor_Rack_2,supor_2/17/23,Supor
eLP_L02_21w_0055,eLP_L02_21w_0055,Maine-eDNA (Hitchner),Supor_Rack_2,supor_2/17/23,Supor
eLP_L02_21w_0058,eLP_L02_21w_0058,Maine-eDNA (Hitchner),Supor_Rack_2,supor_2/17/23,Supor
eLP_L02_21w_0059,eLP_L02_21w_0059,Maine-eDNA (Hitchner),Supor_Rack_2,supor_2/17/23,Supor
eLP_L02_21w_0061,eLP_L02_21w_0061,Maine-eDNA (Hitchner),Supor_Rack_2,supor_2/17/23,Supor
eLP_L02_21w_0063,eLP_L02_21w_0063,Maine-eDNA (Hitchner),Supor_Rack_2,supor_2/17/23,Supor
eLP_L02_21w_0068,eLP_L02_21w_0068,Maine-eDNA (Hitchner),Supor_Rack_2,supor_2/17/23,Supor
eLP_L02_21w_0070,eLP_L02_21w_0070,Maine-eDNA (Hitchner),Supor_Rack_2,supor_2/17/23,Supor
eLP_L02_21w_0073,eLP_L02_21w_0073,Maine-eDNA (Hitchner),Supor_Rack_2,supor_2/17/23,Supor
eLP_L02_21w_0074,eLP_L02_21w_0074,Maine-eDNA (Hitchner),Supor_Rack_2,supor_2/17/23,Supor
eLP_L02_21w_0077,eLP_L02_21w_0077,Maine-eDNA (Hitchner),Supor_Rack_2,supor_2/17/23,Supor
eLP_L02_21w_0078,eLP_L02_21w_0078,Maine-eDNA (Hitchner),Supor_Rack_2,supor_2/17/23,Supor
eLP_L02_21w_0083,eLP_L02_21w_0083,Maine-eDNA (Hitchner),Supor_Rack_2,supor_2/6/23,Supor
eLP_L02_21w_0085,eLP_L02_21w_0085,Maine-eDNA (Hitchner),Supor_Rack_2,supor_2/6/23,Supor
eLP_L02_21w_0087,eLP_L02_21w_0087,Maine-eDNA (Hitchner),Supor_Rack_2,supor_2/6/23,Supor
eLP_L02_21w_0089,eLP_L02_21w_0089,Maine-eDNA (Hitchner),Supor_Rack_2,supor_2/6/23,Supor
eLP_L02_21w_0092,eLP_L02_21w_0092,Maine-eDNA (Hitchner),Supor_Rack_2,supor_2/6/23,Supor
eLP_L02_21w_0093,eLP_L02_21w_0093,Maine-eDNA (Hitchner),Supor_Rack_2,supor_2/6/23,Supor
eLP_L02_21w_0098,eLP_L02_21w_0098,Maine-eDNA (Hitchner),Supor_Rack_2,supor_2/17/23,Supor
eLP_L02_21w_0100,eLP_L02_21w_0100,Maine-eDNA (Hitchner),Supor_Rack_2,supor_2/17/23,Supor
eLP_L02_21w_0103,eLP_L02_21w_0103,Maine-eDNA (Hitchner),Supor_Rack_2,supor_2/17/23,Supor
eLP_L02_21w_0104,eLP_L02_21w_0104,Maine-eDNA (Hitchner),Supor_Rack_2,supor_2/17/23,Supor
eLP_L02_21w_0107,eLP_L02_21w_0107,Maine-eDNA (Hitchner),Supor_Rack_2,supor_2/17/23,Supor
eLP_L02_21w_0108,eLP_L02_21w_0108,Maine-eDNA (Hitchner),Supor_Rack_2,supor_2/17/23,Supor
eLP_L02_21w_0145,eLP_L02_21w_0145,Maine-eDNA (Hitchner),Supor_Rack_2,supor_2/17/23,Supor
eLP_L02_21w_0148,eLP_L02_21w_0148,Maine-eDNA (Hitchner),Supor_Rack_2,supor_2/17/23,Supor
eLP_L02_21w_0149,eLP_L02_21w_0149,Maine-eDNA (Hitchner),Supor_Rack_2,supor_2/17/23,Supor
eLP_L02_21w_0152,eLP_L02_21w_0152,Maine-eDNA (Hitchner),Supor_Rack_2,supor_2/17/23,Supor
eLP_L02_21w_0153,eLP_L02_21w_0153,Maine-eDNA (Hitchner),Supor_Rack_2,supor_2/17/23,Supor
eLP_L02_21w_0155,eLP_L02_21w_0155,Maine-eDNA (Hitchner),Supor_Rack_2,supor_2/17/23,Supor
eLP_L02_22w_0002,,Maine-eDNA (Hitchner),Supor_Rack_3,Supor_4/17/23,Supor
eLP_L02_22w_0004,,Maine-eDNA (Hitchner),Supor_Rack_3,Supor_4/17/23,Supor
eLP_L02_22w_0007,,Maine-eDNA (Hitchner),Supor_Rack_3,Supor_4/17/23,Supor
eLP_L02_22w_0008,,Maine-eDNA (Hitchner),Supor_Rack_3,Supor_4/17/23,Supor
eLP_L02_22w_0011,,Maine-eDNA (Hitchner),Supor_Rack_3,Supor_4/17/23,Supor
eLP_L02_22w_0012,,Maine-eDNA (Hitchner),Supor_Rack_3,Supor_4/17/23,Supor
eLP_L02_22w_0019,eLP_L02_22w_0019,Maine-eDNA (Hitchner),Supor_Rack_2,Supor_1/27/23,Supor
eLP_L02_22w_0022,eLP_L02_22w_0022,Kinnison lab (Murray),Additional Penobscot Index Filters +4 Boxes From Machias,Supor_1-27-23,Supor
eLP_L02_22w_0023,eLP_L02_22w_0023,Kinnison lab (Murray),Additional Penobscot Index Filters + 4 Boxes from Machias,Supor_1-27-23,Supor
eLP_L02_22w_0026,eLP_L02_22w_0026,Maine-eDNA (Hitchner),Supor_Rack_2,Supor_1/27/23,Supor
eLP_L02_22w_0033,eLP_L02,Maine-eDNA (Hitchner),Supor_Rack_1,Supor_3/27/23,Supor
eLP_L02_22w_0034,eLP_L02,Maine-eDNA (Hitchner),Supor_Rack_1,Supor_3/27/23,Supor
eLP_L02_22w_0037,eLP_L02,Maine-eDNA (Hitchner),Supor_Rack_1,Supor_2/27/23,Supor
eLP_L02_22w_0039,eLP_L02,Maine-eDNA (Hitchner),Supor_Rack_1,Supor_2/27/23,Supor
eLP_L02_22w_0043,eLP_L02,Maine-eDNA (Hitchner),Supor_Rack_1,Supor_3/27/23,Supor
eLP_L02_22w_0047,eLP_L02,Maine-eDNA (Hitchner),Supor_Rack_1,Supor_2/27/23,Supor
eLP_L02_23w_0002,,Maine-eDNA (Hitchner),Supor_Rack_3,Supor_4/17/23,Supor
eLP_L02_23w_0004,,Maine-eDNA (Hitchner),Supor_Rack_3,Supor_4/17/23,Supor
eLP_L02_23w_0007,,Maine-eDNA (Hitchner),Supor_Rack_3,Supor_4/17/23,Supor
eLP_L02_23w_0008,,Maine-eDNA (Hitchner),Supor_Rack_3,Supor_4/17/23,Supor
eLP_L02_23w_0011,,Maine-eDNA (Hitchner),Supor_Rack_3,Supor_4/17/23,Supor
eLP_L02_23w_0012,,Maine-eDNA (Hitchner),Supor_Rack_3,Supor_4/17/23,Supor
eLP_S01_21w_0003,eLP_S01_21w_0003,Maine-eDNA (Hitchner),Supor_Rack_2,supor_2/6/23,Supor
eLP_S01_21w_0007,eLP_S01_21w_0007,Maine-eDNA (Hitchner),Supor_Rack_2,supor_2/6/23,Supor
eLP_S01_21w_0008,eLP_S01_21w_0008,Maine-eDNA (Hitchner),Supor_Rack_2,supor_2/6/23,Supor
eLP_S01_21w_0010,eLP_S01_21w_0010,Maine-eDNA (Hitchner),Supor_Rack_2,supor_2/6/23,Supor
eLP_S01_21w_0012,eLP_S01_21w_0012,Maine-eDNA (Hitchner),Supor_Rack_2,supor_2/6/23,Supor
eLP_S01_21w_0015,eLP_S01_21w_0015,Maine-eDNA (Hitchner),Supor_Rack_2,supor_2/6/23,Supor
eLP_S01_21w_0019,eLP_S01_21w_0019,Maine-eDNA (Hitchner),Supor_Rack_2,supor_2/6/23,Supor
eLP_S01_21w_0020,eLP_S01_21w_0020,Maine-eDNA (Hitchner),Supor_Rack_2,supor_2/6/23,Supor
eLP_S01_21w_0025,eLP_S01_21w_0025,Maine-eDNA (Hitchner),Supor_Rack_2,supor_2/6/23,Supor
eLP_S01_21w_0029,eLP_S01_21w_0029,Maine-eDNA (Hitchner),Supor_Rack_2,supor_2/6/23,Supor
eLP_S01_21w_0030,eLP_S01_21w_0030,Maine-eDNA (Hitchner),Supor_Rack_2,supor_2/6/23,Supor
eLP_S01_21w_0032,eLP_S01_21w_0032,Maine-eDNA (Hitchner),Supor_Rack_2,supor_2/17/23,Supor
eLP_S01_21w_0035,eLP_S01_21w_0035,Maine-eDNA (Hitchner),Supor_Rack_2,supor_2/17/23,Supor
eLP_S01_21w_0039,eLP_S01_21w_0039,Maine-eDNA (Hitchner),Supor_Rack_2,supor_2/17/23,Supor
eLP_S01_21w_0040,eLP_S01_21w_0040,Maine-eDNA (Hitchner),Supor_Rack_2,supor_2/17/23,Supor
eLP_S01_21w_0054,eLP_S01_21w_0054,Maine-eDNA (Hitchner),Supor_Rack_2,supor_2/6/23,Supor
eLP_S01_21w_0061,eLP_S01_21w_0061,Maine-eDNA (Hitchner),Supor_Rack_2,supor_2/6/23,Supor
eLP_S01_21w_0062,eLP_S01_21w_0062,Maine-eDNA (Hitchner),Supor_Rack_2,supor_2/6/23,Supor
eLP_S01_21w_0064,eLP_S01_21w_0064,Maine-eDNA (Hitchner),Supor_Rack_2,supor_2/17/23,Supor
eLP_S01_21w_0067,eLP_S01_21w_0067,Maine-eDNA (Hitchner),Supor_Rack_2,supor_2/17/23,Supor
eLP_S01_21w_0072,eLP_S01_21w_0072,Maine-eDNA (Hitchner),Supor_Rack_2,supor_2/17/23,Supor
eLP_S01_21w_0075,eLP_S01_21w_0075,Maine-eDNA (Hitchner),Supor_Rack_2,supor_2/17/23,Supor
eLP_S01_21w_0079,eLP_S01_21w_0079,Maine-eDNA (Hitchner),Supor_Rack_2,supor_2/17/23,Supor
eLP_S01_21w_0080,eLP_S01_21w_0080,Maine-eDNA (Hitchner),Supor_Rack_2,supor_2/17/23,Supor
eLP_S01_21w_0081,eLP_S01_21w_0081,Maine-eDNA (Hitchner),Supor_Rack_2,supor_2/17/23,Supor
eLP_S01_21w_0082,eLP_S01_21w_0082,Maine-eDNA (Hitchner),Supor_Rack_2,supor_2/17/23,Supor
eLP_S01_21w_0133,eLP_S01_21w_0133,Maine-eDNA (Hitchner),Supor_Rack_2,supor2_2/17/23,Supor
eLP_S01_21w_0135,eLP_S01_21w_0135,Maine-eDNA (Hitchner),Supor_Rack_2,supor2_2/17/23,Supor
eLP_S01_21w_0139,eLP_S01_21w_0139,Maine-eDNA (Hitchner),Supor_Rack_2,supor2_2/17/23,Supor
eLP_S01_21w_0140,eLP_S01_21w_0140,Maine-eDNA (Hitchner),Supor_Rack_2,supor2_2/17/23,Supor
eLP_S01_22w_0015,eLP_S01_22w_0015,Kinnison lab (Murray),Additional Penobscot Index Filters +4 Boxes From Machias,Supor_1-27-23,Supor
eLP_S01_22w_0018,eLP_S01_22w_0018,Kinnison lab (Murray),Additional Penobscot Index Filters +4 Boxes From Machias,Supor_1-27-23,Supor
eLP_S01_22w_0022,eLP_S01_22w_0022,Kinnison lab (Murray),Additional Penobscot Index Filters +4 Boxes From Machias,Supor_1-27-23,Supor
eLP_S01_22w_0023,eLP_S01_22w_0023,Maine-eDNA (Hitchner),Supor_Rack_2,Supor_1/27/23,Supor
eLP_S01_22w_0025,eLP_S01_22w_0025,Kinnison lab (Murray),Additional Penobscot Index Filters + 4 Boxes from Machias,Supor-1-27-23,Supor
eLP_S01_22w_0028,eLP_S01_22w_0028,Kinnison lab (Murray),Additional Penobscot Index Filters +4 Boxes From Machias,Supor_1-27-23,Supor
eLP_S01_22w_0032,eLP_S01_22w_0032,Maine-eDNA (Hitchner),Supor_Rack_2,Supor_1/27/23,Supor
eLP_S01_22w_0033,eLP_S01_22w_0033,Maine-eDNA (Hitchner),Supor_Rack_2,Supor_1/27/23,Supor
eLP_S01_22w_0050,eLP_S01,Maine-eDNA (Hitchner),Supor_Rack_1,Supor_3/27/23,Supor
eLP_S01_22w_0052,eLP_S01,Maine-eDNA (Hitchner),Supor_Rack_1,Supor_3/27/23,Supor
eLP_S01_22w_0055,eLP_S01,Maine-eDNA (Hitchner),Supor_Rack_1,Supor_3/27/23,Supor
eLP_S01_22w_0056,eLP_S01,Maine-eDNA (Hitchner),Supor_Rack_1,Supor_3/27/23,Supor
eLP_S01_23w_0002,,Maine-eDNA (Hitchner),Supor_Rack_3,Supor_4/17/23,Supor
eLP_S01_23w_0005,,Maine-eDNA (Hitchner),Supor_Rack_3,Supor_4/17/23,Supor
eLP_S01_23w_0009,,Maine-eDNA (Hitchner),Supor_Rack_3,Supor_4/17/23,Supor
eLP_S01_23w_0010,,Maine-eDNA (Hitchner),Supor_Rack_3,Supor_4/17/23,Supor
eMC_C01_21w_0001,eMC_C01_21w_0001,Maine-eDNA (Hitchner),Supor_Rack_1,Supor2_2/22/23,Supor
eMC_C01_21w_0005,eMC_C01_21w_0005,Maine-eDNA (Hitchner),Supor_Rack_1,Supor2_2/22/23,Supor
eMC_C01_21w_0009,eMC_C01_21w_0009,Maine-eDNA (Hitchner),Supor_Rack_1,Supor2_2/22/23,Supor
eMC_C01_21w_0010,eMC_C01_21w_0010,Maine-eDNA (Hitchner),Supor_Rack_1,Supor2_2/22/23,Supor
eMC_C01_21w_0011,eMC_C01_21w_0011,Maine-eDNA (Hitchner),Supor_Rack_1,Supor2_2/22/23,Supor
eMC_C01_21w_0013,eMC_C01_21w_0013,Maine-eDNA (Hitchner),Supor_Rack_1,Supor2_2/22/23,Supor
eMC_C01_21w_0015,eMC_C01_21w_0015,Maine-eDNA (Hitchner),Supor_Rack_1,Supor2_2/22/23,Supor
eMC_C01_21w_0018,eMC_C01_21w_0018,Maine-eDNA (Hitchner),Supor_Rack_1,Supor2_2/22/23,Supor
eMC_C01_21w_0019,eMC_C01_21w_0019,Maine-eDNA (Hitchner),Supor_Rack_1,Supor2_2/22/23,Supor
eMC_C01_21w_0022,eMC_C01_21w_0022,Maine-eDNA (Hitchner),Supor_Rack_1,Supor2_2/22/23,Supor
eMC_C01_21w_0023,eMC_C01_21w_0023,Maine-eDNA (Hitchner),Supor_Rack_1,Supor2_2/22/23,Supor
eMC_C01_21w_0028,eMC_C01_21w_0028,Maine-eDNA (Hitchner),Supor_Rack_1,Supor2_2/22/23,Supor
eMC_C01_21w_0029,eMC_C01_21w_0029,Maine-eDNA (Hitchner),Supor_Rack_1,Supor2_2/22/23,Supor
eMC_C01_21w_0030,eMC_C01_21w_0030,Maine-eDNA (Hitchner),Supor_Rack_1,Supor2_2/22/23,Supor
eMC_C03_21w_0063,eMC_C03_21w_0063,Maine-eDNA (Hitchner),Supor_Rack_2,supor_2/6/23,Supor
eMC_C03_21w_0066,eMC_C03_21w_0066,Maine-eDNA (Hitchner),Supor_Rack_2,supor_2/6/23,Supor
eMC_C03_21w_0067,eMC_C03_21w_0067,Maine-eDNA (Hitchner),Supor_Rack_2,supor_2/6/23,Supor
eMC_C03_21w_0070,eMC_C03_21w_0070,Maine-eDNA (Hitchner),Supor_Rack_2,supor_2/6/23,Supor
eMC_C03_21w_0071,eMC_C03_21w_0071,Maine-eDNA (Hitchner),Supor_Rack_2,supor_2/6/23,Supor
eMC_C03_21w_0072,eMC_C03_21w_0072,Maine-eDNA (Hitchner),Supor_Rack_2,supor_2/6/23,Supor
eMC_C05_21w_0027,eMC_C05_21w_0027,Maine-eDNA (Hitchner),Supor_Rack_2,Supor_1/31/23,Supor
eMC_C05_21w_0028,eMC_C05_21w_0028,Maine-eDNA (Hitchner),Supor_Rack_2,Supor_1/31/23,Supor
eMC_C05_21w_0033,eMC_C05_21w_0033,Maine-eDNA (Hitchner),Supor_Rack_2,Supor_1/31/23,Supor
eMC_C05_21w_0034,eMC_C05_21w_0034,Maine-eDNA (Hitchner),Supor_Rack_2,Supor_1/31/23,Supor
eMC_C05_21w_0043,eMC_C05_21w_0043,Maine-eDNA (Hitchner),Supor_Rack_2,Supor_1/31/23,Supor
eMC_C05_21w_0049,eMC_C05_21w_0049,Maine-eDNA (Hitchner),Supor_Rack_2,Supor_1/31/23,Supor
emc_c05_21w_0050,emc_c05_21w_0050,Maine-eDNA (Hitchner),Supor_Rack_2,supor_1/31/23,Supor
eMC_C05_21w_0059,eMC_C05_21w_0059,Maine-eDNA (Hitchner),Supor_Rack_2,Supor_1/31/23,Supor
emc_C05_21w_0060,emc_C05_21w_0060,Maine-eDNA (Hitchner),Supor_Rack_2,supor_1/31/23,Supor
emc_C05_21w_0066,emc_C05_21w_0066,Maine-eDNA (Hitchner),Supor_Rack_2,supor_1/31/23,Supor
emc_C05_21w_0093,emc_C05_21w_0093,Maine-eDNA (Hitchner),Supor_Rack_2,supor_1/31/23,Supor
eMC_C05_21w_0094,eMC_C05_21w_0094,Maine-eDNA (Hitchner),Supor_Rack_2,Supor_1/31/23,Supor
eMC_C05_21w_0099,eMC_C05_21w_0099,Maine-eDNA (Hitchner),Supor_Rack_2,Supor_1/31/23,Supor
emc_C05_21w_0100,emc_C05_21w_0100,Maine-eDNA (Hitchner),Supor_Rack_2,supor_1/31/23,Supor
emc_C05_21w_0109,emc_C05_21w_0109,Maine-eDNA (Hitchner),Supor_Rack_2,supor_1/31/23,Supor
eMC_C05_21w_0110,eMC_C05_21w_0110,Maine-eDNA (Hitchner),Supor_Rack_2,Supor_1/31/23,Supor
emc_C05_21w_0115,emc_C05_21w_0115,Maine-eDNA (Hitchner),Supor_Rack_2,supor_1/31/23,Supor
emc_C05_21w_0116,emc_C05_21w_0116,Maine-eDNA (Hitchner),Supor_Rack_2,Supor_1/31/23,Supor
eMC_C06_21w_0008,eMC_C06_21w_0008,Maine-eDNA (Hitchner),Supor_Rack_2,Supor_1/31/23,Supor
eMC_C06_21w_0009,eMC_C06_21w_0009,Maine-eDNA (Hitchner),Supor_Rack_2,Supor_1/31/23,Supor
eMC_C06_21w_0014,eMC_C06_21w_0014,Maine-eDNA (Hitchner),Supor_Rack_2,Supor_1/31/23,Supor
eMC_C06_21w_0015,eMC_C06_21w_0015,Maine-eDNA (Hitchner),Supor_Rack_2,Supor_1/31/23,Supor
eMC_C06_21w_0024,eMC_C06_21w_0024,Maine-eDNA (Hitchner),Supor_Rack_2,Supor_1/27/23,Supor
eMC_C06_21w_0025,eMC_C06_21w_0025,Maine-eDNA (Hitchner),Supor_Rack_2,Supor_1/27/23,Supor
eMC_C06_21w_0030,eMC_C06_21w_0030,Maine-eDNA (Hitchner),Supor_Rack_2,Supor_1/27/23,Supor
eMC_C06_21w_0031,eMC_C06_21w_0031,Maine-eDNA (Hitchner),Supor_Rack_2,Supor_1/27/23,Supor
eMC_C06_21w_0040,eMC_C06_21w_0040,Maine-eDNA (Hitchner),Supor_Rack_2,Supor_1/27/23,Supor
eMC_C06_21w_0041,eMC_C06_21w_0041,Maine-eDNA (Hitchner),Supor_Rack_2,Supor_1/27/23,Supor
eMC_C06_21w_0046,eMC_C06_21w_0046,Maine-eDNA (Hitchner),Supor_Rack_2,Supor_1/27/23,Supor
eMC_C06_21w_0047,eMC_C06_21w_0047,Maine-eDNA (Hitchner),Supor_Rack_2,Supor_1/27/23,Supor
eMC_C06_21w_0052,eMC_C06_21w_0052,Maine-eDNA (Hitchner),Supor_Rack_2,Supor_1/27/23,Supor
eMC_C06_21w_0053,eMC_C06_21w_0053,Maine-eDNA (Hitchner),Supor_Rack_2,Supor_1/27/23,Supor
eMC_C06_21w_0058,eMC_C06_21w_0058,Maine-eDNA (Hitchner),Supor_Rack_2,Supor_1/27/23,Supor
eMC_C06_21w_0059,eMC_C06_21w_0059,Maine-eDNA (Hitchner),Supor_Rack_2,Supor_1/27/23,Supor
eMC_C06_21w_0072,eMC_C06_21w_0072,Maine-eDNA (Hitchner),Supor_Rack_2,Supor_1/31/23,Supor
eMC_C06_21w_0073,eMC_C06_21w_0073,Maine-eDNA (Hitchner),Supor_Rack_2,Supor_1/31/23,Supor
eMC_C06_21w_0078,eMC_C06_21w_0078,Maine-eDNA (Hitchner),Supor_Rack_2,Supor_1/31/23,Supor
eMC_C06_21w_0079,eMC_C06_21w_0079,Maine-eDNA (Hitchner),Supor_Rack_2,Supor_1/31/23,Supor
eMC_C06_21w_0088,eMC_C06_21w_0088,Maine-eDNA (Hitchner),Supor_Rack_2,Supor_1/31/23,Supor
eMC_C06_21w_0089,eMC_C06_21w_0089,Maine-eDNA (Hitchner),Supor_Rack_2,Supor_1/31/23,Supor
eMC_C06_21w_0146,eMC_C06_21w_0146,Maine-eDNA (Hitchner),Supor_Rack_2,Supor_1/31/23,Supor
eMC_C06_21w_0147,eMC_C06_21w_0147,Maine-eDNA (Hitchner),Supor_Rack_2,Supor_1/31/23,Supor
eMC_L01_21w_0029,eMC_L01_21w_0029,Maine-eDNA (Hitchner),Supor_Rack_2,Supor_1/31/23,Supor
eMC_L01_21w_0030,eMC_L01_21w_0030,Maine-eDNA (Hitchner),Supor_Rack_2,Supor_1/31/23,Supor
eMC_L01_21w_0035,eMC_L01_21w_0035,Maine-eDNA (Hitchner),Supor_Rack_2,Supor_1/31/23,Supor
eMC_L01_21w_0036,eMC_L01_21w_0036,Maine-eDNA (Hitchner),Supor_Rack_2,Supor_1/31/23,Supor
emc_l01_21w_0045,emc_l01_21w_0045,Maine-eDNA (Hitchner),Supor_Rack_2,supor_1/31/23,Supor
eMC_L01_21w_0046,eMC_L01_21w_0046,Maine-eDNA (Hitchner),Supor_Rack_2,Supor_1/31/23,Supor
emc_l01_21w_0051,emc_l01_21w_0051,Maine-eDNA (Hitchner),Supor_Rack_2,supor_1/31/23,Supor
emc_l01_21w_0052,emc_l01_21w_0052,Maine-eDNA (Hitchner),Supor_Rack_2,supor_1/31/23,Supor
emc_L01_21w_0059,emc_L01_21w_0059,Maine-eDNA (Hitchner),Supor_Rack_2,supor_1/31/23,Supor
emc_L01_21w_0060,emc_L01_21w_0060,Maine-eDNA (Hitchner),Supor_Rack_2,supor_1/31/23,Supor
eMC_S01_21w_0027,eMC_S01_21w_0027,Maine-eDNA (Hitchner),Supor_Rack_2,Supor_1/31/23,Supor
eMC_S01_21w_0028,eMC_S01_21w_0028,Maine-eDNA (Hitchner),Supor_Rack_2,Supor_1/31/23,Supor
emc_s01_21w_0039,emc_s01_21w_0039,Maine-eDNA (Hitchner),Supor_Rack_2,supor_1/31/23,Supor
emc_s01_21w_0040,emc_s01_21w_0040,Maine-eDNA (Hitchner),Supor_Rack_2,supor_1/31/23,Supor
emc_S01_21w_0048,emc_S01_21w_0048,Maine-eDNA (Hitchner),Supor_Rack_2,supor_1/31/23,Supor
emc_S01_21w_0065,emc_S01_21w_0065,Maine-eDNA (Hitchner),Supor_Rack_2,supor_1/31/23,Supor
eMC_S01_21w_0066,eMC_S01_21w_0066,Maine-eDNA (Hitchner),Supor_Rack_2,Supor_1/31/23,Supor
emc_S01_21w_0068,emc_S01_21w_0068,Maine-eDNA (Hitchner),Supor_Rack_2,supor_1/31/23,Supor
emc_S01_21w_0069,emc_S01_21w_0069,Maine-eDNA (Hitchner),Supor_Rack_2,supor_1/31/23,Supor
eMC_S01_21w_0078,eMC_S01_21w_0078,Kinnison lab (Murray),Additional Penobscot index filters + 4 boxes from machias,Supor_2/3/23,Supor
eMC_S01_21w_0079,eMC_S01_21w_0079,Maine-eDNA (Hitchner),Supor_Rack_2,Supor_1/31/23,Supor
ePR_E01_21w_0045,ePR_E01,Kinnison lab (Murray),,,Supor
ePR_E01_21w_0045,,Maine-eDNA (Hitchner),Supor_Rack_3,supor_4/17/23,Supor
ePR_E01_21w_0046,ePR_E01,Kinnison lab (Murray),,,Supor
ePR_E01_21w_0046,,Maine-eDNA (Hitchner),Supor_Rack_3,supor_4/17/23,Supor
ePR_E01_21w_0049,ePR_E01,Kinnison lab (Murray),,,Supor
ePR_E01_21w_0049,,Maine-eDNA (Hitchner),Supor_Rack_3,supor_4/17/23,Supor
ePR_E01_21w_0050,ePR_E01,Kinnison lab (Murray),,,Supor
ePR_E01_21w_0050,,Maine-eDNA (Hitchner),Supor_Rack_3,supor_4/17/23,Supor
ePR_E01_21w_0053,ePR_E01,Kinnison lab (Murray),,,Supor
ePR_E01_21w_0053,,Maine-eDNA (Hitchner),Supor_Rack_3,supor_4/17/23,Supor
ePR_E01_21w_0059,ePR_E01,Kinnison lab (Murray),,,Supor
ePR_E01_21w_0059,,Maine-eDNA (Hitchner),Supor_Rack_3,supor_4/17/23,Supor
ePR_E01_21w_0060,ePR_E01,Kinnison lab (Murray),,,Supor
ePR_E01_21w_0060,,Maine-eDNA (Hitchner),Supor_Rack_3,supor_4/17/23,Supor
ePR_E01_21w_0063,ePR_E01,Kinnison lab (Murray),,,Supor
ePR_E01_21w_0063,,Maine-eDNA (Hitchner),Supor_Rack_3,supor_4/17/23,Supor
ePR_E01_21w_0064,ePR_E01,Kinnison lab (Murray),,,Supor
ePR_E01_21w_0064,,Maine-eDNA (Hitchner),Supor_Rack_3,supor_4/17/23,Supor
ePR_E01_21w_0068,ePR_E01,Kinnison lab (Murray),,,Supor
ePR_E01_21w_0068,,Maine-eDNA (Hitchner),Supor_Rack_3,supor_4/17/23,Supor
ePR_E01_21w_0068,,Maine-eDNA (Hitchner),Supor_Rack_3,supor_4/17/23,Supor
ePR_E01_21w_0069,ePR_E01,Kinnison lab (Murray),,,Supor
ePR_E01_21w_0069,,Maine-eDNA (Hitchner),Supor_Rack_3,supor_4/17/23,Supor
ePR_E01_21w_0073,ePR_E01,Kinnison lab (Murray),,,Supor
ePR_E01_21w_0073,,Maine-eDNA (Hitchner),Supor_Rack_3,supor2_4/12/23,Supor
ePR_E01_21w_0074,ePR_E01,Kinnison lab (Murray),,,Supor
ePR_E01_21w_0074,,Maine-eDNA (Hitchner),Supor_Rack_3,supor2_4/12/23,Supor
ePR_E01_21w_0078,ePR_E01,Kinnison lab (Murray),,,Supor
ePR_E01_21w_0078,,Maine-eDNA (Hitchner),Supor_Rack_3,supor_4/17/23,Supor
ePR_E01_21w_0079,ePR_E01,Kinnison lab (Murray),,,Supor
ePR_E01_21w_0079,,Maine-eDNA (Hitchner),Supor_Rack_3,supor2_4/12/23,Supor
ePR_E01_21w_0082,ePR_E01,Kinnison lab (Murray),,,Supor
ePR_E01_21w_0082,,Maine-eDNA (Hitchner),Supor_Rack_3,supor2_4/12/23,Supor
ePR_E01_21w_0083,ePR_E01,Kinnison lab (Murray),,,Supor
ePR_E01_21w_0083,,Maine-eDNA (Hitchner),Supor_Rack_3,supor2_4/12/23,Supor
ePR_E01_21w_0087,ePR_E01,Kinnison lab (Murray),,,Supor
ePR_E01_21w_0087,,Maine-eDNA (Hitchner),Supor_Rack_3,supor_4/17/23,Supor
ePR_E01_21w_0091,ePR_E01,Kinnison lab (Murray),,,Supor
ePR_E01_21w_0091,,Maine-eDNA (Hitchner),Supor_Rack_3,supor_4/17/23,Supor
ePR_E01_21w_0092,ePR_E01,Kinnison lab (Murray),,,Supor
ePR_E01_21w_0092,,Maine-eDNA (Hitchner),Supor_Rack_3,supor_4/17/23,Supor
ePR_E01_21w_0095,ePR_E01,Kinnison lab (Murray),,,Supor
ePR_E01_21w_0095,,Maine-eDNA (Hitchner),Supor_Rack_3,supor_4/17/23,Supor
ePR_E01_21w_0096,ePR_E01,Kinnison lab (Murray),,,Supor
ePR_E01_21w_0096,,Maine-eDNA (Hitchner),Supor_Rack_3,supor_4/17/23,Supor
ePR_E01_21w_0100,ePR_E01,Kinnison lab (Murray),,,Supor
ePR_E01_21w_0100,,Maine-eDNA (Hitchner),Supor_Rack_3,supor_4/17/23,Supor
ePR_E01_21w_0101,,Maine-eDNA (Hitchner),Supor_Rack_3,Supor2_4/12/23,Supor
ePR_E01_21w_0102,,Maine-eDNA (Hitchner),Supor_Rack_3,Supor2_4/12/23,Supor
ePR_E01_21w_0105,,Maine-eDNA (Hitchner),Supor_Rack_3,Supor2_4/12/23,Supor
ePR_E01_21w_0106,,Maine-eDNA (Hitchner),Supor_Rack_3,Supor2_4/12/23,Supor
ePR_E01_21w_0110,,Maine-eDNA (Hitchner),Supor_Rack_3,Supor2_4/12/23,Supor
ePR_E01_21w_0111,,Maine-eDNA (Hitchner),Supor_Rack_3,Supor2_4/12/23,Supor
ePR_E01_22w_0095,ePR_E01_22w_0095,Maine-eDNA (Hitchner),Supor_Rack_1,Supor_2/22/23,Supor
ePR_E01_22w_0097,ePR_E01_22w_0097,Maine-eDNA (Hitchner),Supor_Rack_1,Supor_2/22/23,Supor
ePR_E01_22w_0098,ePR_E01_22w_0098,Maine-eDNA (Hitchner),Supor_Rack_1,Supor_2/22/23,Supor
ePR_E01_22w_0100,ePR_E01_22w_0100,Maine-eDNA (Hitchner),Supor_Rack_1,Supor_2/22/23,Supor
ePR_E01_22w_0105,ePR_E01_22w_0105,Maine-eDNA (Hitchner),Supor_Rack_1,Supor_2/22/23,Supor
ePR_E01_22w_0111,ePR_E01_22w_0111,Maine-eDNA (Hitchner),Supor_Rack_1,Supor_2/22/23,Supor
ePR_E01_22w_0114,ePR_E01_22w_0114,Maine-eDNA (Hitchner),Supor_Rack_1,Supor_2/22/23,Supor
ePR_E01_22w_0115,ePR_E01_22w_0115,Maine-eDNA (Hitchner),Supor_Rack_1,Supor_2/22/23,Supor
ePR_E01_22w_0119,ePR_E01_22w_0119,Maine-eDNA (Hitchner),Supor_Rack_1,Supor_2/22/23,Supor
ePR_E01_22w_0120,ePR_E01_22w_0120,Maine-eDNA (Hitchner),Supor_Rack_1,Supor_2/22/23,Supor
ePR_E01_22w_0124,ePR_E01_22w_0124,Maine-eDNA (Hitchner),Supor_Rack_1,Supor_2/22/23,Supor
ePR_E01_22w_0128,ePR_E01_22w_0128,Maine-eDNA (Hitchner),Supor_Rack_1,Supor_2/22/23,Supor
ePR_E01_22w_0129,ePR_E01_22w_0129,Maine-eDNA (Hitchner),Supor_Rack_1,Supor_2/22/23,Supor
ePR_E01_22w_0133,ePR_E01_22w_0133,Maine-eDNA (Hitchner),Supor_Rack_1,Supor_2/22/23,Supor
ePR_E01_22w_0134,ePR_E01_22w_0134,Maine-eDNA (Hitchner),Supor_Rack_1,Supor_2/22/23,Supor
ePR_E01_22w_0138,ePR_E01_22w_0138,Maine-eDNA (Hitchner),Supor_Rack_1,Supor_2/21/23,Supor
ePR_E01_22w_0140,ePR_E01_22w_0140,Maine-eDNA (Hitchner),Supor_Rack_1,Supor_2/21/23,Supor
ePR_E01_22w_0145,ePR_E01_22w_0145,Maine-eDNA (Hitchner),Supor_Rack_1,Supor_2/21/23,Supor
ePR_E01_22w_0149,ePR_E01_22w_0149,Maine-eDNA (Hitchner),Supor_Rack_1,Supor_2/21/23,Supor
ePR_E01_22w_0150,ePR_E01_22w_0150,Maine-eDNA (Hitchner),Supor_Rack_1,Supor_2/21/23,Supor
ePR_E01_23w_0016,,Maine-eDNA (Hitchner),Supor_Rack_3,Supor2_4/12/23,Supor
ePR_E01_23w_0018,,Maine-eDNA (Hitchner),Supor_Rack_3,Supor2_4/12/23,Supor
ePR_E01_23w_0022,,Maine-eDNA (Hitchner),Supor_Rack_3,Supor2_4/12/23,Supor
ePR_E01_23w_0023,,Maine-eDNA (Hitchner),Supor_Rack_3,Supor2_4/12/23,Supor
ePR_E01_23w_0027,,Maine-eDNA (Hitchner),Supor_Rack_3,Supor2_4/12/23,Supor
ePR_E01_23w_0028,,Maine-eDNA (Hitchner),Supor_Rack_3,Supor2_4/12/23,Supor
ePR_E02_21w_0030,ePR_E02,Kinnison lab (Murray),,,Supor
ePR_E02_21w_0030,,Maine-eDNA (Hitchner),Supor_Rack_3,supor_4/17/23,Supor
ePR_E02_21w_0031,ePR_E02,Kinnison lab (Murray),,,Supor
ePR_E02_21w_0031,,Maine-eDNA (Hitchner),Supor_Rack_3,supor_4/17/23,Supor
ePR_E02_21w_0034,ePR_E02,Kinnison lab (Murray),,,Supor
ePR_E02_21w_0034,,Maine-eDNA (Hitchner),Supor_Rack_3,supor_4/17/23,Supor
ePR_E02_21w_0035,ePR_E02,Kinnison lab (Murray),,,Supor
ePR_E02_21w_0035,,Maine-eDNA (Hitchner),Supor_Rack_3,supor_4/17/23,Supor
ePR_E02_21w_0039,ePR_E02,Kinnison lab (Murray),,,Supor
ePR_E02_21w_0039,,Maine-eDNA (Hitchner),Supor_Rack_3,supor_4/17/23,Supor
ePR_E02_21w_0040,ePR_E02,Kinnison lab (Murray),,,Supor
ePR_E02_21w_0040,,Maine-eDNA (Hitchner),Supor_Rack_3,supor_4/17/23,Supor
ePR_E02_21w_0043,ePR_E02,Kinnison lab (Murray),,,Supor
ePR_E02_21w_0043,,Maine-eDNA (Hitchner),Supor_Rack_3,supor_4/17/23,Supor
ePR_E02_21w_0044,ePR_E02,Kinnison lab (Murray),,,Supor
ePR_E02_21w_0044,,Maine-eDNA (Hitchner),Supor_Rack_3,supor_4/17/23,Supor
ePR_E02_21w_0048,ePR_E02,Kinnison lab (Murray),,,Supor
ePR_E02_21w_0048,,Maine-eDNA (Hitchner),Supor_Rack_3,supor_4/17/23,Supor
ePR_E02_21w_0049,ePR_E02,Kinnison lab (Murray),,,Supor
ePR_E02_21w_0049,,Maine-eDNA (Hitchner),Supor_Rack_3,supor_4/17/23,Supor
ePR_E02_21w_0052,ePR_E02,Kinnison lab (Murray),,,Supor
ePR_E02_21w_0052,,Maine-eDNA (Hitchner),Supor_Rack_3,supor2_4/12/23,Supor
ePR_E02_21w_0053,ePR_E02,Kinnison lab (Murray),,,Supor
ePR_E02_21w_0053,,Maine-eDNA (Hitchner),Supor_Rack_3,supor2_4/12/23,Supor
ePR_E02_21w_0057,ePR_E02,Kinnison lab (Murray),,,Supor
ePR_E02_21w_0057,,Maine-eDNA (Hitchner),Supor_Rack_3,supor_4/17/23,Supor
ePR_E02_21w_0058,ePR_E02,Kinnison lab (Murray),,,Supor
ePR_E02_21w_0058,,Maine-eDNA (Hitchner),Supor_Rack_3,supor_4/17/23,Supor
ePR_E02_21w_0061,ePR_E02,Kinnison lab (Murray),,,Supor
ePR_E02_21w_0061,,Maine-eDNA (Hitchner),Supor_Rack_3,supor_4/17/23,Supor
ePR_E02_21w_0062,ePR_E02,Kinnison lab (Murray),,,Supor
ePR_E02_21w_0062,,Maine-eDNA (Hitchner),Supor_Rack_3,supor_4/17/23,Supor
ePR_E02_21w_0066,,Maine-eDNA (Hitchner),Supor_Rack_3,Supor2_4/12/23,Supor
ePR_E02_21w_0067,,Maine-eDNA (Hitchner),Supor_Rack_3,Supor2_4/12/23,Supor
ePR_E02_21w_0070,,Maine-eDNA (Hitchner),Supor_Rack_3,Supor2_4/12/23,Supor
ePR_E02_21w_0071,,Maine-eDNA (Hitchner),Supor_Rack_3,Supor2_4/12/23,Supor
ePR_E02_21w_0099,,Maine-eDNA (Hitchner),Supor_Rack_3,Supor2_4/12/23,Supor
ePR_E02_21w_0100,,Maine-eDNA (Hitchner),Supor_Rack_3,Supor2_4/12/23,Supor
ePR_E02_21w_0103,,Maine-eDNA (Hitchner),Supor_Rack_3,Supor2_4/12/23,Supor
ePR_E02_21w_0104,,Maine-eDNA (Hitchner),Supor_Rack_3,Supor2_4/12/23,Supor
ePR_E02_21w_0108,ePR_E02_21w_0108,Maine-eDNA (Hitchner),Supor_Rack_2,Supor_1/27/23,Supor
ePR_E02_21w_0110,ePR_E02_21w_0110,Kinnison lab (Murray),Additional Penobscot Index Filters +4 Boxes From Machias,Supor_1-27-23,Supor
ePR_E02_21w_0111,ePR_E02_21w_0111,Kinnison lab (Murray),Additional Penobscot Index Filters +4 Boxes From Machias,Supor_1-27-23,Supor
ePR_E02_21w_0113,ePR_E02_21w_0113,Maine-eDNA (Hitchner),Supor_Rack_2,Supor_1/27/23,Supor
ePR_E02_22w_0063,ePR_E02_22w_0063,Maine-eDNA (Hitchner),Supor_Rack_2,Supor_1/27/23,Supor
ePR_E02_22w_0064,ePR_E02_22w_0064,Kinnison lab (Murray),Additional Penobscot Index Filters +4 Boxes From Machias,Supor_1-27-23,Supor
ePR_E02_22w_0067,ePR_E02_22w_0067,Maine-eDNA (Hitchner),Supor_Rack_2,Supor_1/27/23,Supor
ePR_E02_22w_0073,ePR_E02_22w_0073,Maine-eDNA (Hitchner),Supor_Rack_1,Supor_2/22/23,Supor
ePR_E02_22w_0074,ePR_E02_22w_0074,Maine-eDNA (Hitchner),Supor_Rack_1,Supor_2/22/23,Supor
ePR_E02_22w_0076,ePR_E02_22w_0076,Maine-eDNA (Hitchner),Supor_Rack_1,Supor_2/22/23,Supor
ePR_E02_22w_0080,ePR_E02_22w_0080,Maine-eDNA (Hitchner),Supor_Rack_1,Supor_2/22/23,Supor
ePR_E02_22w_0082,ePR_E02_22w_0082,Maine-eDNA (Hitchner),Supor_Rack_1,Supor_2/22/23,Supor
ePR_E02_22w_0084,ePR_E02_22w_0084,Maine-eDNA (Hitchner),Supor_Rack_1,Supor_2/22/23,Supor
ePR_E02_22w_0085,ePR_E02_22w_0085,Maine-eDNA (Hitchner),Supor_Rack_1,Supor_2/22/23,Supor
ePR_E02_22w_0091,ePR_E02_22w_0091,Maine-eDNA (Hitchner),Supor_Rack_1,Supor_2/21/23,Supor
ePR_E02_22w_0092,ePR_E02_22w_0092,Maine-eDNA (Hitchner),Supor_Rack_1,Supor_2/21/23,Supor
ePR_E02_22w_0096,ePR_E02_22w_0096,Maine-eDNA (Hitchner),Supor_Rack_1,Supor_2/21/23,Supor
ePR_E02_23w_0002,,Maine-eDNA (Hitchner),Supor_Rack_3,Supor2_4/12/23,Supor
ePR_E02_23w_0005,,Maine-eDNA (Hitchner),Supor_Rack_3,Supor2_4/12/23,Supor
ePR_E02_23w_0008,,Maine-eDNA (Hitchner),Supor_Rack_3,Supor2_4/12/23,Supor
ePR_E02_23w_0009,,Maine-eDNA (Hitchner),Supor_Rack_3,Supor2_4/12/23,Supor
ePR_E02_23w_0010,,Maine-eDNA (Hitchner),Supor_Rack_3,Supor2_4/12/23,Supor
ePR_E02_23w_0011,,Maine-eDNA (Hitchner),Supor_Rack_3,Supor2_4/12/23,Supor
ePR_E02_23w_0013,,Maine-eDNA (Hitchner),Supor_Rack_3,Supor2_4/12/23,Supor
ePR_E02_23w_0017,,Maine-eDNA (Hitchner),Supor_Rack_3,Supor2_4/12/23,Supor
ePR_E02_23w_0018,,Maine-eDNA (Hitchner),Supor_Rack_3,Supor2_4/12/23,Supor
ePR_L01_21w_0007,ePR_L01_21w_0007,Maine-eDNA (Hitchner),Supor_Rack_1,Supor_2/21/23,Supor
ePR_L01_21w_0008,ePR_L01_21w_0008,Maine-eDNA (Hitchner),Supor_Rack_1,Supor_2/21/23,Supor
ePR_L01_21w_0023,ePR_L01_21w_0023,Maine-eDNA (Hitchner),Supor_Rack_1,Supor_2/21/23,Supor
ePR_L01_21w_0026,ePR_L01_21w_0026,Maine-eDNA (Hitchner),Supor_Rack_1,Supor_2/21/23,Supor
ePR_L01_21w_0030,ePR_L01_21w_0030,Maine-eDNA (Hitchner),Supor_Rack_1,Supor_2/21/23,Supor
ePR_L01_21w_0035,ePR_L01_21w_0035,Maine-eDNA (Hitchner),Supor_Rack_1,Supor_2/21/23,Supor
ePR_L01_21w_0036,ePR_L01_21w_0036,Maine-eDNA (Hitchner),Supor_Rack_1,Supor_2/21/23,Supor
ePR_L01_21w_0039,ePR_L01_21w_0039,Maine-eDNA (Hitchner),Supor_Rack_1,Supor_2/21/23,Supor
ePR_L01_21w_0047,ePR_L01_21w_0047,Maine-eDNA (Hitchner),Supor_Rack_1,Supor_2/21/23,Supor
ePR_L01_21w_0051,ePR_L01_21w_0051,Maine-eDNA (Hitchner),Supor_Rack_1,Supor_2/21/23,Supor
ePR_L01_21w_0052,ePR_L01_21w_0052,Maine-eDNA (Hitchner),Supor_Rack_1,Supor_2/21/23,Supor
ePR_L01_21w_0058,,Maine-eDNA (Hitchner),Supor_Rack_3,Supor_5/10/23,Supor
ePR_L01_21w_0059,,Maine-eDNA (Hitchner),Supor_Rack_3,Supor_5/10/23,Supor
ePR_L01_21w_0064,,Maine-eDNA (Hitchner),Supor_Rack_3,Supor_5/10/23,Supor
ePR_L01_21w_0065,,Maine-eDNA (Hitchner),Supor_Rack_3,Supor_5/10/23,Supor
ePR_L01_21w_0079,,Maine-eDNA (Hitchner),Supor_Rack_3,Supor_5/10/23,Supor
ePR_L01_21w_0082,,Maine-eDNA (Hitchner),Supor_Rack_3,Supor_5/10/23,Supor
ePR_L01_21w_0087,,Kinnison lab (Murray),,Supor_5/10/23,Supor
ePR_L01_21w_0088,,Maine-eDNA (Hitchner),Supor_Rack_3,Supor_5/10/23,Supor
ePR_L01_21w_0092,,Maine-eDNA (Hitchner),Supor_Rack_3,Supor_5/10/23,Supor
ePR_L01_21w_0093,,Maine-eDNA (Hitchner),Supor_Rack_3,Supor_5/10/23,Supor
ePR_L01_21w_0098,,Maine-eDNA (Hitchner),Supor_Rack_3,Supor_5/10/23,Supor
ePR_L01_21w_0099,,Kinnison lab (Murray),,,Supor
ePR_L01_21w_0108,ePR_L01_21w_0108,Maine-eDNA (Hitchner),Supor_Rack_1,Supor_2/21/23,Supor
ePR_L01_21w_0112,ePR_L01_21w_0112,Maine-eDNA (Hitchner),Supor_Rack_1,Supor_2/21/23,Supor
ePR_L01_21w_0118,,Maine-eDNA (Hitchner),Supor_Rack_3,Supor_5/10/23,Supor
ePR_L01_21w_0122,,Maine-eDNA (Hitchner),Supor_Rack_3,Supor_5/10/23,Supor
ePR_L01_21w_0123,,Maine-eDNA (Hitchner),Supor_Rack_3,Supor_5/10/23,Supor
ePR_L01_21w_0127,,Maine-eDNA (Hitchner),Supor_Rack_3,Supor_5/10/23,Supor
ePR_L01_21w_0128,,Maine-eDNA (Hitchner),Supor_Rack_3,Supor_5/10/23,Supor
ePR_L01_22w_0003,,Maine-eDNA (Hitchner),Supor_Rack_3,Supor_5/10/23,Supor
ePR_L01_22w_0006,,Maine-eDNA (Hitchner),Supor_Rack_3,Supor_5/10/23,Supor
ePR_L01_22w_0010,,Maine-eDNA (Hitchner),Supor_Rack_3,Supor_5/10/23,Supor
ePR_L01_22w_0011,,Maine-eDNA (Hitchner),Supor_Rack_3,Supor_5/10/23,Supor
ePR_L01_22w_0015,,Maine-eDNA (Hitchner),Supor_Rack_3,Supor_5/10/23,Supor
ePR_L01_22w_0019,,Maine-eDNA (Hitchner),Supor_Rack_3,Supor_5/10/23,Supor
ePR_L01_22w_0023,,Maine-eDNA (Hitchner),Supor_Rack_3,Supor_5/10/23,Supor
ePR_L01_22w_0024,,Maine-eDNA (Hitchner),Supor_Rack_3,Supor_5/10/23,Supor
ePR_L01_22w_0035,,Kinnison lab (Murray),,supor_2_5/10/23,Supor
ePR_L01_22w_0038,,Kinnison lab (Murray),,supor_2_5/10/23,Supor
ePR_L01_22w_0042,,Kinnison lab (Murray),,supor_2_5/10/23,Supor
ePR_L01_22w_0043,,Kinnison lab (Murray),,supor_2_5/10/23,Supor
ePR_L01_22w_0047,,Kinnison lab (Murray),,supor_2_5/10/23,Supor
ePR_L01_22w_0048,,Kinnison lab (Murray),,supor_2_5/10/23,Supor
ePR_L01_22w_0051,,Kinnison lab (Murray),,supor_2_5/10/23,Supor
ePR_L01_22w_0054,,Kinnison lab (Murray),,supor_2_5/10/23,Supor
ePR_L01_22w_0058,,Kinnison lab (Murray),,supor_2_5/10/23,Supor
ePR_L01_22w_0059,,Kinnison lab (Murray),,supor_2_5/10/23,Supor
ePR_L01_22w_0063,,Kinnison lab (Murray),,supor_2_5/10/23,Supor
ePR_L01_22w_0064,,Kinnison lab (Murray),,supor_2_5/10/23,Supor
ePR_L01_22w_0066,,Kinnison lab (Murray),,supor_2_5/10/23,Supor
ePR_L01_22w_0069,,Kinnison lab (Murray),,supor_2_5/10/23,Supor
ePR_L01_22w_0073,,Kinnison lab (Murray),,supor_2_5/10/23,Supor
ePR_L01_22w_0074,,Kinnison lab (Murray),,supor_2_5/10/23,Supor
ePR_L01_22w_0078,,Kinnison lab (Murray),,supor_2_5/10/23,Supor
ePR_L01_22w_0079,,Kinnison lab (Murray),,supor_2_5/10/23,Supor
ePR_L01_22w_0081,,Kinnison lab (Murray),,supor_2_5/10/23,Supor
ePR_L01_22w_0084,,Kinnison lab (Murray),,supor_2_5/10/23,Supor
ePR_L01_22w_0088,,Kinnison lab (Murray),,supor_2_5/10/23,Supor
ePR_L01_22w_0089,,Kinnison lab (Murray),,supor_2_5/10/23,Supor
ePR_L01_22w_0093,,Kinnison lab (Murray),,supor_2_5/10/23,Supor
ePR_L01_22w_0094,,Kinnison lab (Murray),,supor_2_5/10/23,Supor
ePR_L01_22w_0096,,Maine-eDNA (Hitchner),Supor_Rack_3,Supor_5/10/23,Supor
ePR_L01_22w_0097,,Kinnison lab (Murray),,supor_2_5/10/23,Supor
ePR_L01_22w_0100,,Kinnison lab (Murray),,supor_2_5/10/23,Supor
ePR_L01_22w_0103,,Kinnison lab (Murray),,supor_2_5/10/23,Supor
ePR_L01_22w_0104,,Kinnison lab (Murray),,supor_2_5/10/23,Supor
ePR_L01_22w_0106,,Kinnison lab (Murray),,supor_2_5/10/23,Supor
ePR_L01_22w_0108,,Kinnison lab (Murray),,supor_2_5/10/23,Supor
ePR_L01_22w_0109,,Kinnison lab (Murray),,supor_2_5/10/23,Supor
ePR_L01_22w_0130,,Maine-eDNA (Hitchner),Supor_Rack_3,supor_5/10/23,Supor
ePR_L01_22w_0131,,Maine-eDNA (Hitchner),Supor_Rack_3,supor_5/10/23,Supor
ePR_L01_22w_0135,,Kinnison lab (Murray),,,Supor
ePR_L01_22w_0136,,Maine-eDNA (Hitchner),Supor_Rack_3,Supor_5/10/23,Supor
ePR_L01_23w_0002,,Maine-eDNA (Hitchner),Supor_Rack_3,Supor_5/10/23,Supor
ePR_L01_23w_0005,,Maine-eDNA (Hitchner),Supor_Rack_3,Supor_5/10/23,Supor
ePR_L01_23w_0007,,Maine-eDNA (Hitchner),Supor_Rack_3,Supor_5/10/23,Supor
ePR_L01_23w_0008,,Maine-eDNA (Hitchner),Supor_Rack_3,Supor_5/10/23,Supor
ePR_L01_23w_0012,,Kinnison lab (Murray),,Supor_5/10/23,Supor
ePR_L01_23w_0013,,Maine-eDNA (Hitchner),Supor_Rack_3,Supor_5/10/23,Supor
ePR_S01_21w_0001,,Maine-eDNA (Hitchner),Supor_Rack_3,Supor_5/10/23,Supor
ePR_S01_21w_0002,,Maine-eDNA (Hitchner),Supor_Rack_3,Supor_5/10/23,Supor
ePR_S01_21w_0014,,Maine-eDNA (Hitchner),Supor_Rack_3,Supor_5/10/23,Supor
ePR_S01_21w_0015,,Kinnison lab (Murray),,,Supor
ePR_S01_21w_0015,,Maine-eDNA (Hitchner),Supor_Rack_3,supor_5/10/23,Supor
ePR_S01_21w_0042,,Maine-eDNA (Hitchner),Supor_Rack_3,Supor_5/10/23,Supor
ePR_S01_21w_0049,,Maine-eDNA (Hitchner),Supor_Rack_3,Supor_5/10/23,Supor
ePR_S01_21w_0050,,Maine-eDNA (Hitchner),Supor_Rack_3,Supor_5/10/23,Supor
ePR_S01_21w_0056,,Maine-eDNA (Hitchner),Supor_Rack_3,Supor_5/10/23,Supor
ePR_S01_21w_0057,,Maine-eDNA (Hitchner),Supor_Rack_3,Supor_5/10/23,Supor
ePR_S01_21w_0084,,Maine-eDNA (Hitchner),Supor_Rack_3,Supor_5/10/23,Supor
ePR_S01_21w_0085,,Maine-eDNA (Hitchner),Supor_Rack_3,Supor_5/10/23,Supor
ePR_S01_21w_0088,,Maine-eDNA (Hitchner),Supor_Rack_3,Supor_5/10/23,Supor
ePR_S01_21w_0120,,Maine-eDNA (Hitchner),Supor_Rack_3,Supor_5/10/23,Supor
ePR_S01_21w_0122,,Maine-eDNA (Hitchner),Supor_Rack_3,Supor_5/10/23,Supor
ePR_S01_21w_0123,,Maine-eDNA (Hitchner),Supor_Rack_3,Supor_5/10/23,Supor
ePR_S01_21w_0127,,Maine-eDNA (Hitchner),Supor_Rack_3,Supor_5/10/23,Supor
ePR_S01_21w_0130,,Maine-eDNA (Hitchner),Supor_Rack_3,Supor_5/10/23,Supor
ePR_S01_21w_0131,,Maine-eDNA (Hitchner),Supor_Rack_3,Supor_5/10/23,Supor
ePR_S01_21w_0135,,Maine-eDNA (Hitchner),Supor_Rack_3,Supor_5/10/23,Supor
ePR_S01_21w_0139,,Maine-eDNA (Hitchner),Supor_Rack_3,Supor_5/10/23,Supor
ePR_S01_22w_0007,,Maine-eDNA (Hitchner),Supor_Rack_3,Supor_5/10/23,Supor
ePR_S01_22w_0008,,Maine-eDNA (Hitchner),Supor_Rack_3,Supor_5/10/23,Supor
ePR_S01_22w_0011,,Maine-eDNA (Hitchner),Supor_Rack_3,supor_5/10/23,Supor
ePR_S01_22w_0015,,Maine-eDNA (Hitchner),Supor_Rack_3,supor_5/10/23,Supor
ePR_S01_22w_0016,,Maine-eDNA (Hitchner),Supor_Rack_3,supor_5/10/23,Supor
ePR_S01_22w_0027,,Kinnison lab (Murray),,supor_2_5/10/23,Supor
ePR_S01_22w_0030,,Kinnison lab (Murray),,supor_2_5/10/23,Supor
ePR_S01_22w_0034,,Kinnison lab (Murray),,supor_2_5/10/23,Supor
ePR_S01_22w_0035,,Kinnison lab (Murray),,supor_2_5/10/23,Supor
ePR_S01_22w_0038,,Kinnison lab (Murray),,supor_2_5/10/23,Supor
ePR_S01_22w_0042,,Kinnison lab (Murray),,supor_2_5/10/23,Supor
ePR_S01_22w_0043,,Kinnison lab (Murray),,supor_2_5/10/23,Supor
ePR_S01_22w_0046,,Kinnison lab (Murray),,supor_2_5/10/23,Supor
ePR_S01_22w_0052,,Kinnison lab (Murray),,supor_2_5/10/23,Supor
ePR_S01_22w_0053,,Kinnison lab (Murray),,supor_2_5/10/23,Supor
ePR_S01_22w_0055,,Kinnison lab (Murray),,supor_2_5/10/23,Supor
ePR_S01_22w_0058,,Kinnison lab (Murray),,supor_2_5/10/23,Supor
ePR_S01_22w_0061,,Kinnison lab (Murray),,supor_2_5/10/23,Supor
ePR_S01_22w_0062,,Kinnison lab (Murray),,supor_2_5/10/23,Supor
ePR_S01_22w_0066,,Maine-eDNA (Hitchner),Supor_Rack_3,Supor_5/10/23,Supor
ePR_S01_22w_0069,,Maine-eDNA (Hitchner),Supor_Rack_3,Supor_5/10/23,Supor
ePR_S01_22w_0073,,Maine-eDNA (Hitchner),Supor_Rack_3,Supor_5/10/23,Supor
ePR_S01_22w_0074,,Maine-eDNA (Hitchner),Supor_Rack_3,Supor_5/10/23,Supor
ePR_S01_23w_0002,,Maine-eDNA (Hitchner),Supor_Rack_3,Supor_5/10/23,Supor
ePR_S01_23w_0005,,Maine-eDNA (Hitchner),Supor_Rack_3,Supor_5/10/23,Supor
ePR_S01_23w_0006,,Maine-eDNA (Hitchner),Supor_Rack_3,Supor_5/10/23,Supor
ePR_S01_23w_0010,,Maine-eDNA (Hitchner),Supor_Rack_3,supor_5/10/23,Supor
epr_s01_23w_0015,,Kinnison lab (Murray),,supor_5/10/23,Supor
ePR_S01_23w_0016,,Maine-eDNA (Hitchner),Supor_Rack_3,supor_5/10/23,Supor
ePR_S01_23w_0020,,Maine-eDNA (Hitchner),Supor_Rack_3,supor_5/10/23,Supor
ePR_S01_23w_0022,,Maine-eDNA (Hitchner),Supor_Rack_3,supor_5/10/23,Supor
ePR_S01_23w_0023,,Maine-eDNA (Hitchner),Supor_Rack_3,supor_5/10/23,Supor
ePS_C01_21w_0038,ePS_C01_21w_0038,Maine-eDNA (Hitchner),Supor_Rack_1,supor3_2/17/23,Supor
ePS_C01_21w_0041,ePS_C01_21w_0041,Maine-eDNA (Hitchner),Supor_Rack_1,supor3_2/17/23,Supor
ePS_C01_21w_0045,ePS_C01_21w_0045,Maine-eDNA (Hitchner),Supor_Rack_1,supor3_2/17/23,Supor
ePS_C01_21w_0046,ePS_C01_21w_0046,Maine-eDNA (Hitchner),Supor_Rack_1,supor3_2/17/23,Supor
ePS_C01_21w_0050,ePS_C01_21w_0050,Maine-eDNA (Hitchner),Supor_Rack_1,supor3_2/17/23,Supor
ePS_C01_21w_0051,ePS_C01_21w_0051,Maine-eDNA (Hitchner),Supor_Rack_1,supor3_2/17/23,Supor
ePS_C01_21w_0053,ePS_C01_21w_0053,Maine-eDNA (Hitchner),Supor_Rack_1,supor3_2/17/23,Supor
ePS_C01_21w_0056,ePS_C01_21w_0056,Maine-eDNA (Hitchner),Supor_Rack_1,supor3_2/17/23,Supor
ePS_C01_21w_0060,ePS_C01_21w_0060,Maine-eDNA (Hitchner),Supor_Rack_1,supor3_2/17/23,Supor
ePS_C01_21w_0061,ePS_C01_21w_0061,Maine-eDNA (Hitchner),Supor_Rack_1,supor3_2/17/23,Supor
ePS_C01_21w_0065,ePS_C01_21w_0065,Maine-eDNA (Hitchner),Supor_Rack_1,supor3_2/17/23,Supor
ePS_C01_21w_0066,ePS_C01_21w_0066,Maine-eDNA (Hitchner),Supor_Rack_1,supor3_2/17/23,Supor
eSA_E01_21w_0010,eSA_E01,Kinnison lab (Murray),,,Supor
eSA_E01_21w_0010,,Maine-eDNA (Hitchner),Supor_Rack_3,supor_4/17/23,Supor
eSA_E01_21w_0011,eSA_E01,Kinnison lab (Murray),,,Supor
eSA_E01_21w_0011,,Maine-eDNA (Hitchner),Supor_Rack_3,supor_4/17/23,Supor
eSA_E01_21w_0014,eSA_E01,Kinnison lab (Murray),,,Supor
eSA_E01_21w_0014,,Maine-eDNA (Hitchner),Supor_Rack_3,supor_4/17/23,Supor
eSA_E01_21w_0015,eSA_E01,Kinnison lab (Murray),,,Supor
eSA_E01_21w_0015,,Maine-eDNA (Hitchner),Supor_Rack_3,supor_4/17/23,Supor
eSA_E01_21w_0019,eSA_E01,Kinnison lab (Murray),,,Supor
eSA_E01_21w_0019,,Maine-eDNA (Hitchner),Supor_Rack_3,supor_4/17/23,Supor
eSA_E01_21w_0020,eSA_E01,Kinnison lab (Murray),,,Supor
eSA_E01_21w_0020,,Maine-eDNA (Hitchner),Supor_Rack_3,supor_4/17/23,Supor
eSA_E01_21w_0023,eSA_E01,Kinnison lab (Murray),,,Supor
eSA_E01_21w_0023,,Maine-eDNA (Hitchner),Supor_Rack_3,supor_4/17/23,Supor
eSA_E01_21w_0024,eSA_E01,Kinnison lab (Murray),,,Supor
eSA_E01_21w_0024,,Maine-eDNA (Hitchner),Supor_Rack_3,supor_4/17/23,Supor
eSA_E01_21w_0028,eSA_E01,Kinnison lab (Murray),,,Supor
eSA_E01_21w_0028,,Maine-eDNA (Hitchner),Supor_Rack_3,supor2_4/12/23,Supor
eSA_E01_21w_0029,eSA_E01,Kinnison lab (Murray),,,Supor
eSA_E01_21w_0029,,Maine-eDNA (Hitchner),Supor_Rack_3,supor2_4/12/23,Supor
eSA_E01_21w_0032,eSA_E01,Kinnison lab (Murray),,,Supor
eSA_E01_21w_0032,,Maine-eDNA (Hitchner),Supor_Rack_3,supor2_4/12/23,Supor
eSA_E01_21w_0033,eSA_E01,Kinnison lab (Murray),,,Supor
eSA_E01_21w_0033,,Maine-eDNA (Hitchner),Supor_Rack_3,supor2_4/12/23,Supor
eSA_E01_21w_0037,eSA_E01,Kinnison lab (Murray),,,Supor
eSA_E01_21w_0037,,Maine-eDNA (Hitchner),Supor_Rack_3,supor_4/17/23,Supor
eSA_E01_21w_0038,eSA_E01,Kinnison lab (Murray),,,Supor
eSA_E01_21w_0038,,Maine-eDNA (Hitchner),Supor_Rack_3,supor_4/17/23,Supor
eSA_E01_21w_0041,eSA_E01,Kinnison lab (Murray),,,Supor
eSA_E01_21w_0041,,Maine-eDNA (Hitchner),Supor_Rack_1,supor_3/27/23,Supor
eSA_E01_21w_0042,eSA_E01,Kinnison lab (Murray),,,Supor
eSA_E01_21w_0042,,Maine-eDNA (Hitchner),Supor_Rack_3,supor_4/17/23,Supor
eSA_E01_21w_0091,,Maine-eDNA (Hitchner),Supor_Rack_3,Supor2_4/12/23,Supor
eSA_E01_21w_0092,,Maine-eDNA (Hitchner),Supor_Rack_3,Supor2_4/12/23,Supor
eSA_E01_21w_0096,,Maine-eDNA (Hitchner),Supor_Rack_3,Supor2_4/12/23,Supor
eSA_E01_21w_0139,,Maine-eDNA (Hitchner),Supor_Rack_3,Supor2_4/12/23,Supor
eSA_E01_21w_0140,,Maine-eDNA (Hitchner),Supor_Rack_3,Supor2_4/12/23,Supor
eSA_E01_21w_0142,eSA_E01_21w_0142,Maine-eDNA (Hitchner),Supor_Rack_2,Supor_1/27/23,Supor
eSA_E01_21w_0144,eSA_E01_21w_0144,Kinnison lab (Murray),Additional Penobscot Index Filters +4 Boxes From Machias,Supor_1-27-23,Supor
eSA_E01_21w_0145,eSA_E01_21w_0145,Maine-eDNA (Hitchner),Supor_Rack_2,Supor_1/27/23,Supor
eSA_E01_21w_0147,eSA_E01_21w_0147,Maine-eDNA (Hitchner),Supor_Rack_2,Supor_1/27/23,Supor
eSA_E01_22w_0041,eSA_E01_22w_0041,Maine-eDNA (Hitchner),Supor_Rack_2,Supor_1/27/23,Supor
eSA_E01_22w_0043,eSA_E01_22w_0043,Kinnison lab (Murray),Additional Penobscot Index Filters +4 Boxes From Machias,Supor_1-27-23,Supor
eSA_E01_22w_0044,eSA_E01_22w_0044,Maine-eDNA (Hitchner),Supor_Rack_2,Supor_1/27/23,Supor
eSA_E01_22w_0046,eSA_E01_22w_0046,Maine-eDNA (Hitchner),Supor_Rack_2,Supor_1/27/23,Supor
eSA_E01_22w_0053,eSA_E01_22w_0053,Maine-eDNA (Hitchner),Supor_Rack_1,Supor_2/22/23,Supor
eSA_E01_22w_0054,eSA_E01_22w_0054,Maine-eDNA (Hitchner),Supor_Rack_1,Supor_2/22/23,Supor
eSA_E01_22w_0055,eSA_E01_22w_0055,Maine-eDNA (Hitchner),Supor_Rack_1,Supor_2/22/23,Supor
eSA_E01_22w_0056,eSA_E01_22w_0056,Maine-eDNA (Hitchner),Supor_Rack_1,Supor_2/22/23,Supor
eSA_E01_22w_0062,eSA_E01_22w_0062,Maine-eDNA (Hitchner),Supor_Rack_1,Supor_2/22/23,Supor
eSA_E01_22w_0063,eSA_E01_22w_0063,Maine-eDNA (Hitchner),Supor_Rack_1,Supor_2/22/23,Supor
eSA_E01_22w_0064,eSA_E01_22w_0064,Maine-eDNA (Hitchner),Supor_Rack_1,Supor_2/22/23,Supor
eSA_E01_22w_0066,eSA_E01_22w_0066,Maine-eDNA (Hitchner),Supor_Rack_1,Supor_2/22/23,Supor
eSA_E01_22w_0069,eSA_E01_22w_0069,Maine-eDNA (Hitchner),Supor_Rack_1,Supor_2/21/23,Supor
eSA_E01_22w_0070,eSA_E01_22w_0070,Maine-eDNA (Hitchner),Supor_Rack_1,Supor_2/21/23,Supor
eSA_E01_22w_0074,eSA_E01_22w_0074,Maine-eDNA (Hitchner),Supor_Rack_1,Supor_2/21/23,Supor
eSA_E01_22w_0076,eSA_E01_22w_0076,Maine-eDNA (Hitchner),Supor_Rack_1,Supor_2/21/23,Supor
eSA_E01_22w_0078,,Maine-eDNA (Hitchner),Supor_Rack_3,Supor2_4/12/23,Supor
eSA_E01_22w_0080,,Maine-eDNA (Hitchner),Supor_Rack_3,Supor2_4/12/23,Supor
eSA_E01_22w_0081,eSA_E01_22w_0081,Maine-eDNA (Hitchner),Supor_Rack_2,Supor_1/27/23,Supor
eSA_E01_22w_0083,eSA_E01_22w_0083,Kinnison lab (Murray),Additional Penobscot Index Filters +4 Boxes From Machias,Supor_1-27-23,Supor
eSA_E01_22w_0084,eSA_E01_22w_0084,Kinnison lab (Murray),Additional Penobscot Index Filters +4 Boxes From Machias,Supor_1-27-23,Supor
eSA_E01_22w_0086,eSA_E01_22w_0086,Kinnison lab (Murray),Additional Penobscot Index Filters +4 Boxes From Machias,Supor_1-27-23,Supor
eSA_E01_22w_0090,eSA_E01_22w_0090,Maine-eDNA (Hitchner),Supor_Rack_2,Supor_1/27/23,Supor
eSA_E01_22w_0091,eSA_E01_22w_0091,Kinnison lab (Murray),Additional Penobscot Index Filters +4 Boxes From Machias,Supor_1-27-23,Supor
eSG_C02_21w_0079,,Maine-eDNA (Hitchner),Supor_Rack_3,Supor2_4/12/23,Supor
eSG_C02_21w_0080,,Maine-eDNA (Hitchner),Supor_Rack_3,Supor2_4/12/23,Supor
eSG_C02_21w_0083,,Maine-eDNA (Hitchner),Supor_Rack_3,Supor2_4/12/23,Supor
eSG_C02_21w_0084,,Maine-eDNA (Hitchner),Supor_Rack_3,Supor2_4/12/23,Supor
eSG_C02_21w_0088,,Maine-eDNA (Hitchner),Supor_Rack_3,Supor2_4/12/23,Supor
eSG_C02_21w_0089,,Maine-eDNA (Hitchner),Supor_Rack_3,Supor2_4/12/23,Supor
eSG_C05_21w_0004,eSG_C05_21w_0004,Maine-eDNA (Hitchner),Supor_Rack_1,Supor3_2/17/23,Supor
eSG_C05_21w_0005,eSG_C05_21w_0005,Maine-eDNA (Hitchner),Supor_Rack_1,Supor3_2/17/23,Supor
eSG_C05_21w_0009,eSG_C05_21w_0009,Maine-eDNA (Hitchner),Supor_Rack_1,Supor3_2/17/23,Supor
eSG_C05_21w_0010,eSG_C05_21w_0010,Maine-eDNA (Hitchner),Supor_Rack_1,Supor3_2/17/23,Supor
eSG_C05_21w_0014,eSG_C05_21w_0014,Maine-eDNA (Hitchner),Supor_Rack_1,Supor3_2/17/23,Supor
eSG_C05_21w_0018,eSG_C05_21w_0018,Maine-eDNA (Hitchner),Supor_Rack_1,Supor3_2/17/23,Supor
eSG_C05_21w_0020,eSG_C05_21w_0020,Maine-eDNA (Hitchner),Supor_Rack_1,Supor3_2/17/23,Supor
eSG_C05_21w_0024,eSG_C05_21w_0024,Maine-eDNA (Hitchner),Supor_Rack_1,Supor3_2/17/23,Supor
eSG_C05_21w_0027,eSG_C05_21w_0027,Maine-eDNA (Hitchner),Supor_Rack_1,Supor3_2/17/23,Supor
eSG_C05_21w_0032,eSG_C05_21w_0032,Maine-eDNA (Hitchner),Supor_Rack_1,Supor3_2/17/23,Supor
eSG_C05_21w_0033,eSG_C05_21w_0033,Maine-eDNA (Hitchner),Supor_Rack_1,Supor3_2/17/23,Supor
eSG_C05_21w_0037,eSG_C05_21w_0037,Maine-eDNA (Hitchner),Supor_Rack_1,Supor3_2/17/23,Supor
eSG_C05_21w_0038,eSG_C05_21w_0038,Maine-eDNA (Hitchner),Supor_Rack_1,Supor3_2/17/23,Supor
eSG_C05_21w_0040,eSG_C05_21w_0040,Maine-eDNA (Hitchner),Supor_Rack_1,Supor3_2/17/23,Supor
eSG_C05_21w_0043,eSG_C05_21w_0043,Maine-eDNA (Hitchner),Supor_Rack_1,Supor3_2/17/23,Supor
eSG_C05_21w_0047,eSG_C05_21w_0047,Maine-eDNA (Hitchner),Supor_Rack_1,Supor3_2/17/23,Supor
eSG_C05_21w_0048,eSG_C05_21w_0048,Maine-eDNA (Hitchner),Supor_Rack_1,Supor3_2/17/23,Supor
eSG_C05_21w_0052,eSG_C05_21w_0052,Maine-eDNA (Hitchner),Supor_Rack_1,Supor3_2/17/23,Supor
eSG_C05_21w_0053,eSG_C05_21w_0053,Maine-eDNA (Hitchner),Supor_Rack_1,Supor3_2/17/23,Supor
eSG_C05_21w_0055,eSG_C05_21w_0055,Maine-eDNA (Hitchner),Supor_Rack_1,Supor3_2/17/23,Supor
eSG_C05_21w_0058,eSG_C05_21w_0058,Maine-eDNA (Hitchner),Supor_Rack_1,Supor_2/21/23,Supor
eSG_C05_21w_0062,eSG_C05_21w_0062,Maine-eDNA (Hitchner),Supor_Rack_1,Supor_2/21/23,Supor
eSG_C05_21w_0063,eSG_C05_21w_0063,Maine-eDNA (Hitchner),Supor_Rack_1,Supor_2/21/23,Supor
eSG_C05_21w_0067,eSG_C05_21w_0067,Maine-eDNA (Hitchner),Supor_Rack_1,Supor_2/21/23,Supor
eSG_C05_21w_0068,eSG_C05_21w_0068,Maine-eDNA (Hitchner),Supor_Rack_1,Supor_2/21/23,Supor
eSG_E01_21w_0002,eSG_E01_21w_0002 ,Maine-eDNA (Hitchner),Supor_Rack_1,Supor2_2/22/23,Supor
eSG_E01_21w_0009,eSG_E01_21w_0009 ,Maine-eDNA (Hitchner),Supor_Rack_1,Supor2_2/22/23,Supor
eSG_E01_21w_0013,eSG_E01_21w_0013 ,Maine-eDNA (Hitchner),Supor_Rack_1,Supor2_2/22/23,Supor
eSG_E01_21w_0014,eSG_E01_21w_0014 ,Maine-eDNA (Hitchner),Supor_Rack_1,Supor2_2/22/23,Supor
eSG_E01_21w_0016,eSG_E01_21w_0016 ,Maine-eDNA (Hitchner),Supor_Rack_1,Supor2_2/22/23,Supor
eSG_E01_21w_0023,eSG_E01_21w_0023 ,Maine-eDNA (Hitchner),Supor_Rack_1,Supor2_2/22/23,Supor
eSG_E01_21w_0027,eSG_E01_21w_0027 ,Maine-eDNA (Hitchner),Supor_Rack_1,Supor2_2/22/23,Supor
eSG_E01_21w_0028,eSG_E01_21w_0028 ,Maine-eDNA (Hitchner),Supor_Rack_1,Supor2_2/22/23,Supor
eSG_E01_21w_0030,eSG_E01_21w_0030 ,Maine-eDNA (Hitchner),Supor_Rack_1,Supor2_2/22/23,Supor
eSG_E01_21w_0032,eSG_E01_21w_0032 ,Maine-eDNA (Hitchner),Supor_Rack_1,Supor2_2/22/23,Supor
eSG_E01_21w_0037,eSG_E01_21w_0037 ,Maine-eDNA (Hitchner),Supor_Rack_1,Supor2_2/22/23,Supor
eSG_E01_21w_0041,eSG_E01_21w_0041 ,Maine-eDNA (Hitchner),Supor_Rack_1,Supor2_2/22/23,Supor
eSG_E01_21w_0042,eSG_E01_21w_0042 ,Maine-eDNA (Hitchner),Supor_Rack_1,Supor2_2/22/23,Supor
eSG_E01_21w_0045,eSG_E01_21w_0045 ,Maine-eDNA (Hitchner),Supor_Rack_1,Supor2_2/22/23,Supor
eSG_E01_21w_0048,eSG_E01_21w_0048 ,Maine-eDNA (Hitchner),Supor_Rack_1,Supor2_2/22/23,Supor
eSG_E01_21w_0051,eSG_E01_21w_0051 ,Maine-eDNA (Hitchner),Supor_Rack_1,Supor2_2/22/23,Supor
eSG_E01_21w_0058,eSG_E01_21w_0058 ,Maine-eDNA (Hitchner),Supor_Rack_1,Supor2_2/22/23,Supor
eSG_E01_21w_0061,eSG_E01_21w_0061 ,Maine-eDNA (Hitchner),Supor_Rack_1,Supor2_2/22/23,Supor
eSG_E01_21w_0069,eSG_E01_21w_0069 ,Maine-eDNA (Hitchner),Supor_Rack_1,Supor2_2/22/23,Supor
eSG_E01_21w_0074,eSG_E01_21w_0074 ,Maine-eDNA (Hitchner),Supor_Rack_1,Supor2_2/22/23,Supor
eSG_E01_21w_0076,eSG_E01_21w_0076 ,Maine-eDNA (Hitchner),Supor_Rack_1,Supor2_2/22/23,Supor
eSG_E01_21w_0079,eSG_E01_21w_0079 ,Maine-eDNA (Hitchner),Supor_Rack_1,Supor2_2/22/23,Supor
eSG_E01_21w_0083,eSG_E01_21w_0083,Maine-eDNA (Hitchner),Supor_Rack_1,Supor_2/22/23,Supor
eSG_E01_21w_0084,eSG_E01_21w_0084,Maine-eDNA (Hitchner),Supor_Rack_1,Supor_2/22/23,Supor
eSG_E01_21w_0088,eSG_E01_21w_0088,Maine-eDNA (Hitchner),Supor_Rack_1,Supor_2/22/23,Supor
eSG_E01_21w_0089,eSG_E01_21w_0089,Maine-eDNA (Hitchner),Supor_Rack_1,Supor_2/22/23,Supor
eSG_E01_21w_0091,eSG_E01_21w_0091,Maine-eDNA (Hitchner),Supor_Rack_1,Supor_2/22/23,Supor
eSG_E01_21w_0094,eSG_E01_21w_0094,Maine-eDNA (Hitchner),Supor_Rack_1,Supor_2/22/23,Supor
eSG_E01_21w_0098,eSG_E01_21w_0098,Maine-eDNA (Hitchner),Supor_Rack_1,Supor_2/22/23,Supor
eSG_E01_21w_0099,eSG_E01_21w_0099,Maine-eDNA (Hitchner),Supor_Rack_1,Supor2_2/22/23,Supor
eSG_E01_21w_0103,eSG_E01_21w_0103,Maine-eDNA (Hitchner),Supor_Rack_1,Supor_2/22/23,Supor
eSG_E01_21w_0104,eSG_E01_21w_0104,Maine-eDNA (Hitchner),Supor_Rack_1,Supor2_2/22/23,Supor
eSG_E01_21w_0106,eSG_E01_21w_0106,Maine-eDNA (Hitchner),Supor_Rack_1,Supor2_2/22/23,Supor
eSG_E01_21w_0109,eSG_E01_21w_0109,Maine-eDNA (Hitchner),Supor_Rack_1,Supor2_2/22/23,Supor
eSG_E01_21w_0113,eSG_E01_21w_0113,Maine-eDNA (Hitchner),Supor_Rack_1,Supor2_2/22/23,Supor
eSG_E01_21w_0114,eSG_E01_21w_0114,Maine-eDNA (Hitchner),Supor_Rack_1,Supor2_2/22/23,Supor
eSG_E01_21w_0118,eSG_E01_21w_0118,Maine-eDNA (Hitchner),Supor_Rack_1,Supor2_2/22/23,Supor
eSG_E01_21w_0119,eSG_E01_21w_0119,Maine-eDNA (Hitchner),Supor_Rack_1,Supor2_2/22/23,Supor
eSG_E01_22w_0085,eSG_E01,Maine-eDNA (Hitchner),Supor_Rack_2,Supor_4/12/23,Supor
eSG_E01_22w_0089,eSG_E01,Maine-eDNA (Hitchner),Supor_Rack_2,Supor_4/12/23,Supor
eSG_E01_22w_0090,eSG_E01,Maine-eDNA (Hitchner),Supor_Rack_2,Supor_4/12/23,Supor
eSG_E01_22w_0092,eSG_E01,Maine-eDNA (Hitchner),Supor_Rack_2,Supor_4/12/23,Supor
eSG_E01_22w_0095,eSG_E01,Maine-eDNA (Hitchner),Supor_Rack_2,Supor_4/12/23,Supor
eSG_E01_22w_0099,eSG_E01,Maine-eDNA (Hitchner),Supor_Rack_2,Supor_4/12/23,Supor
eSG_E01_22w_0100,eSG_E01,Maine-eDNA (Hitchner),Supor_Rack_2,Supor_4/12/23,Supor
eSG_E01_22w_0104,eSG_E01,Maine-eDNA (Hitchner),Supor_Rack_2,Supor_4/12/23,Supor
eSG_E01_22w_0105,eSG_E01,Maine-eDNA (Hitchner),Supor_Rack_2,Supor_4/12/23,Supor
eSG_E02_21w_0002,eSG_E02_21w_0002,Maine-eDNA (Hitchner),Archive_Rack_1,archive3_2/17/23,Supor
eSG_E02_21w_0008,eSG_E02_21w_0008,Maine-eDNA (Hitchner),Supor_Rack_1,supor3_2/17/23,Supor
eSG_E02_21w_0009,eSG_E02_21w_0009,Maine-eDNA (Hitchner),Supor_Rack_1,supor3_2/17/23,Supor
eSG_E02_21w_0014,eSG_E02_21w_0014,Maine-eDNA (Hitchner),Supor_Rack_1,supor3_2/17/23,Supor
eSG_E02_21w_0016,eSG_E02_21w_0016,Maine-eDNA (Hitchner),Supor_Rack_1,supor3_2/17/23,Supor
eSG_E02_21w_0022,eSG_E02_21w_0022,Maine-eDNA (Hitchner),Supor_Rack_1,supor3_2/17/23,Supor
eSG_E02_21w_0023,eSG_E02_21w_0023,Maine-eDNA (Hitchner),Supor_Rack_1,supor3_2/17/23,Supor
eSG_E02_21w_0027,eSG_E02_21w_0027,Maine-eDNA (Hitchner),Supor_Rack_1,supor3_2/17/23,Supor
eSG_E02_21w_0028,eSG_E02_21w_0028,Maine-eDNA (Hitchner),Supor_Rack_1,supor3_2/17/23,Supor
eSG_E02_21w_0030,eSG_E02_21w_0030,Maine-eDNA (Hitchner),Supor_Rack_1,supor3_2/17/23,Supor
eSG_E02_21w_0032,eSG_E02_21w_0032,Maine-eDNA (Hitchner),Supor_Rack_1,supor3_2/17/23,Supor
eSG_E02_21w_0036,eSG_E02_21w_0036,Maine-eDNA (Hitchner),Supor_Rack_1,supor3_2/17/23,Supor
eSG_E02_21w_0037,eSG_E02_21w_0037,Maine-eDNA (Hitchner),Supor_Rack_1,supor3_2/17/23,Supor
eSG_E02_21w_0041,eSG_E02_21w_0041,Maine-eDNA (Hitchner),Supor_Rack_1,supor3_2/17/23,Supor
eSG_E02_21w_0042,eSG_E02_21w_0042,Maine-eDNA (Hitchner),Supor_Rack_1,supor3_2/17/23,Supor
eSG_E02_21w_0045,eSG_E02_21w_0045,Maine-eDNA (Hitchner),Supor_Rack_1,supor3_2/17/23,Supor
eSG_E02_21w_0048,eSG_E02_21w_0048,Maine-eDNA (Hitchner),Supor_Rack_1,supor3_2/17/23,Supor
eSG_E02_21w_0053,eSG_E02_21w_0053,Maine-eDNA (Hitchner),Supor_Rack_1,supor3_2/17/23,Supor
eSG_E02_21w_0057,eSG_E02_21w_0057,Maine-eDNA (Hitchner),Supor_Rack_1,supor3_2/17/23,Supor
eSG_E02_21w_0058,eSG_E02_21w_0058,Maine-eDNA (Hitchner),Supor_Rack_1,supor3_2/17/23,Supor
eSG_E02_21w_0060,eSG_E02_21w_0060,Maine-eDNA (Hitchner),Supor_Rack_1,supor3_2/17/23,Supor
eSG_E02_21w_0067,eSG_E02_21w_0067,Maine-eDNA (Hitchner),Supor_Rack_1,supor3_2/17/23,Supor
eSG_E02_21w_0068,eSG_E02_21w_0068,Maine-eDNA (Hitchner),Supor_Rack_1,supor3_2/17/23,Supor
eSG_E02_21w_0072,eSG_E02_21w_0072,Maine-eDNA (Hitchner),Supor_Rack_1,supor3_2/17/23,Supor
eSG_E02_21w_0073,eSG_E02_21w_0073,Maine-eDNA (Hitchner),Supor_Rack_1,supor3_2/17/23,Supor
eSG_E02_21w_0076,eSG_E02_21w_0076,Maine-eDNA (Hitchner),Supor_Rack_1,supor3_2/17/23,Supor
eSG_E02_21w_0084,eSG_E02_21w_0084,Maine-eDNA (Hitchner),Supor_Rack_1,Supor3_2/17/23,Supor
eSG_E02_21w_0089,eSG_E02_21w_0089,Maine-eDNA (Hitchner),Supor_Rack_1,Supor3_2/17/23,Supor
eSG_E02_21w_0091,eSG_E02_21w_0091,Maine-eDNA (Hitchner),Supor_Rack_1,Supor3_2/17/23,Supor
eSG_E02_21w_0094,eSG_E02_21w_0094,Maine-eDNA (Hitchner),Supor_Rack_1,Supor3_2/17/23,Supor
eSG_E02_21w_0099,eSG_E02_21w_0099,Maine-eDNA (Hitchner),Supor_Rack_1,Supor3_2/17/23,Supor
eSG_E02_21w_0103,eSG_E02_21w_0103,Maine-eDNA (Hitchner),Supor_Rack_1,Supor3_2/17/23,Supor
eSG_E02_21w_0104,eSG_E02_21w_0104,Maine-eDNA (Hitchner),Supor_Rack_1,Supor3_2/17/23,Supor
eSG_E02_21w_0106,eSG_E02_21w_0106,Maine-eDNA (Hitchner),Supor_Rack_1,Supor3_2/17/23,Supor
eSG_E02_21w_0109,eSG_E02_21w_0109,Maine-eDNA (Hitchner),Supor_Rack_1,Supor3_2/17/23,Supor
eSG_E02_21w_0114,eSG_E02_21w_0114,Maine-eDNA (Hitchner),Supor_Rack_1,Supor3_2/17/23,Supor
eSG_E02_21w_0118,eSG_E02_21w_0118,Maine-eDNA (Hitchner),Supor_Rack_1,Supor3_2/17/23,Supor
eSG_E02_21w_0119,eSG_E02_21w_0119,Maine-eDNA (Hitchner),Supor_Rack_1,Supor3_2/17/23,Supor
eSG_E02_22w_0002,eSG_E02,Maine-eDNA (Hitchner),Supor_Rack_3,Supor2_4/12/23,Supor
eSG_E02_22w_0005,eSG_E02,Maine-eDNA (Hitchner),Supor_Rack_3,Supor2_4/12/23,Supor
eSG_E02_22w_0009,eSG_E02,Maine-eDNA (Hitchner),Supor_Rack_3,Supor2_4/12/23,Supor
eSG_E02_22w_0010,eSG_E02,Maine-eDNA (Hitchner),Supor_Rack_3,Supor2_4/12/23,Supor
eSG_E02_22w_0014,eSG_E02,Maine-eDNA (Hitchner),Supor_Rack_3,Supor2_4/12/23,Supor
eSG_E02_22w_0015,eSG_E02,Maine-eDNA (Hitchner),Supor_Rack_3,Supor2_4/12/23,Supor
eSG_E02_22w_0018,eSG_E02,Maine-eDNA (Hitchner),Supor_Rack_3,Supor2_4/12/23,Supor
eSG_E02_22w_0022,eSG_E02,Maine-eDNA (Hitchner),Supor_Rack_3,Supor2_4/12/23,Supor
eSG_E02_22w_0023,eSG_E02,Maine-eDNA (Hitchner),Supor_Rack_3,Supor2_4/12/23,Supor
eSG_E02_22w_0027,eSG_E02,Maine-eDNA (Hitchner),Supor_Rack_3,Supor2_4/12/23,Supor
eSG_E02_22w_0028,eSG_E02,Maine-eDNA (Hitchner),Supor_Rack_3,Supor2_4/12/23,Supor
eSG_E02_22w_0032,eSG_E02,Maine-eDNA (Hitchner),Supor_Rack_3,Supor2_4/12/23,Supor
eSG_E02_22w_0039,eSG_E02,Maine-eDNA (Hitchner),Supor_Rack_3,Supor2_4/12/23,Supor
eSG_E02_22w_0045,eSG_E02,Maine-eDNA (Hitchner),Supor_Rack_3,Supor2_4/12/23,Supor
eSG_E02_22w_0048,eSG_E02,Maine-eDNA (Hitchner),Supor_Rack_3,Supor2_4/12/23,Supor
eSG_E02_22w_0052,eSG_E02,Maine-eDNA (Hitchner),Supor_Rack_3,Supor2_4/12/23,Supor
eSG_E02_22w_0053,eSG_E02,Maine-eDNA (Hitchner),Supor_Rack_3,Supor2_4/12/23,Supor
eSG_E02_22w_0057,eSG_E02,Maine-eDNA (Hitchner),Supor_Rack_3,Supor2_4/12/23,Supor
eSG_E02_22w_0058,eSG_E02,Maine-eDNA (Hitchner),Supor_Rack_3,Supor2_4/12/23,Supor
eSG_E02_22w_0060,eSG_E02,Maine-eDNA (Hitchner),Supor_Rack_3,Supor2_4/12/23,Supor
eSG_E02_22w_0063,eSG_E02,Maine-eDNA (Hitchner),Supor_Rack_3,Supor2_4/12/23,Supor
eSG_E02_22w_0067,eSG_E02,Maine-eDNA (Hitchner),Supor_Rack_3,Supor2_4/12/23,Supor
eSG_E02_22w_0068,eSG_E02,Maine-eDNA (Hitchner),Supor_Rack_3,Supor2_4/12/23,Supor
eSG_E02_22w_0072,eSG_E02,Maine-eDNA (Hitchner),Supor_Rack_3,Supor2_4/12/23,Supor
eSG_E02_22w_0073,eSG_E02,Maine-eDNA (Hitchner),Supor_Rack_3,Supor2_4/12/23,Supor
eSG_E02_22w_0075,eSG_E02,Maine-eDNA (Hitchner),Supor_Rack_3,Supor2_4/12/23,Supor
eSG_E02_22w_0078,eSG_E02,Maine-eDNA (Hitchner),Supor_Rack_3,Supor2_4/12/23,Supor
eSG_E02_22w_0082,eSG_E02,Maine-eDNA (Hitchner),Supor_Rack_2,Supor_4/12/23,Supor
eSG_E02_22w_0083,eSG_E02,Maine-eDNA (Hitchner),Supor_Rack_2,Supor_4/12/23,Supor
eSG_E02_22w_0087,eSG_E02,Maine-eDNA (Hitchner),Supor_Rack_2,Supor_4/12/23,Supor
eSG_E02_22w_0088,eSG_E02,Maine-eDNA (Hitchner),Supor_Rack_2,Supor_4/12/23,Supor
eSG_E02_22w_0093,eSG_E02,Maine-eDNA (Hitchner),Supor_Rack_2,Supor_4/12/23,Supor
eSG_E02_22w_0097,eSG_E02,Maine-eDNA (Hitchner),Supor_Rack_2,Supor_4/12/23,Supor
eSG_E02_22w_0098,eSG_E02,Maine-eDNA (Hitchner),Supor_Rack_2,Supor_4/12/23,Supor
eSG_E02_22w_0102,eSG_E02,Maine-eDNA (Hitchner),Supor_Rack_2,Supor_4/12/23,Supor
eSG_E02_22w_0103,eSG_E02,Maine-eDNA (Hitchner),Supor_Rack_2,Supor_4/12/23,Supor
eSG_E03_21w_0002,eSG_E03_21w_0002,Maine-eDNA (Hitchner),Supor_Rack_2,supor2_2/17/23,Supor
eSG_E03_21w_0009,eSG_E03_21w_0009,Maine-eDNA (Hitchner),Supor_Rack_2,supor2_2/17/23,Supor
eSG_E03_21w_0014,eSG_E03_21w_0014,Maine-eDNA (Hitchner),Supor_Rack_2,supor2_2/17/23,Supor
eSG_E03_21w_0016,eSG_E03_21w_0016,Maine-eDNA (Hitchner),Supor_Rack_2,supor2_2/17/23,Supor
eSG_E03_21w_0023,eSG_E03_21w_0023,Maine-eDNA (Hitchner),Supor_Rack_2,supor2_2/17/23,Supor
eSG_E03_21w_0027,eSG_E03_21w_0027,Maine-eDNA (Hitchner),Supor_Rack_2,supor2_2/17/23,Supor
eSG_E03_21w_0028,eSG_E03_21w_0028,Maine-eDNA (Hitchner),Supor_Rack_2,supor2_2/17/23,Supor
eSG_E03_21w_0036,eSG_E03_21w_0036,Maine-eDNA (Hitchner),Supor_Rack_2,supor2_2/17/23,Supor
eSG_E03_21w_0037,eSG_E03_21w_0037,Maine-eDNA (Hitchner),Supor_Rack_2,supor2_2/17/23,Supor
eSG_E03_21w_0042,eSG_E03_21w_0042,Maine-eDNA (Hitchner),Supor_Rack_2,supor2_2/17/23,Supor
eSG_E03_21w_0045,eSG_E03_21w_0045,Maine-eDNA (Hitchner),Supor_Rack_2,supor2_2/17/23,Supor
eSG_E03_21w_0047,eSG_E03_21w_0047,Maine-eDNA (Hitchner),Supor_Rack_2,supor2_2/17/23,Supor
eSG_E03_21w_0055,eSG_E03_21w_0055,Maine-eDNA (Hitchner),Supor_Rack_2,supor2_2/17/23,Supor
eSG_E03_21w_0058,eSG_E03_21w_0058,Maine-eDNA (Hitchner),Supor_Rack_2,supor2_2/17/23,Supor
eSG_E03_21w_0062,eSG_E03_21w_0062,Maine-eDNA (Hitchner),Supor_Rack_2,supor2_2/17/23,Supor
eSG_E03_21w_0069,eSG_E03_21w_0069,Maine-eDNA (Hitchner),Supor_Rack_2,supor2_2/17/23,Supor
eSG_E03_21w_0070,eSG_E03_21w_0070,Maine-eDNA (Hitchner),Supor_Rack_2,supor2_2/17/23,Supor
eSG_E03_21w_0074,eSG_E03_21w_0074,Maine-eDNA (Hitchner),Supor_Rack_2,supor2_2/17/23,Supor
eSG_E03_21w_0075,eSG_E03_21w_0075,Maine-eDNA (Hitchner),Supor_Rack_1,supor3_2/17/23,Supor
eSG_E03_21w_0077,eSG_E03_21w_0077,Maine-eDNA (Hitchner),Supor_Rack_1,supor3_2/17/23,Supor
eSG_E03_21w_0084,eSG_E03_21w_0084,Maine-eDNA (Hitchner),Supor_Rack_1,Supor_2/22/23,Supor
eSG_E03_21w_0085,eSG_E03_21w_0085,Maine-eDNA (Hitchner),Supor_Rack_1,Supor_2/22/23,Supor
eSG_E03_21w_0090,eSG_E03_21w_0090,Maine-eDNA (Hitchner),Supor_Rack_1,Supor_2/22/23,Supor
eSG_E03_21w_0092,eSG_E03_21w_0092,Maine-eDNA (Hitchner),Supor_Rack_1,Supor_2/22/23,Supor
eSG_E03_21w_0100,eSG_E03_21w_0100,Maine-eDNA (Hitchner),Supor_Rack_1,Supor_2/22/23,Supor
eSG_E03_21w_0105,eSG_E03_21w_0105,Maine-eDNA (Hitchner),Supor_Rack_1,Supor_2/22/23,Supor
eSG_E03_21w_0107,eSG_E03_21w_0107,Maine-eDNA (Hitchner),Supor_Rack_1,Supor_2/22/23,Supor
eSG_E03_21w_0110,eSG_E03_21w_0110,Maine-eDNA (Hitchner),Supor_Rack_1,Supor_2/22/23,Supor
eSG_E03_21w_0115,eSG_E03_21w_0115,Maine-eDNA (Hitchner),Supor_Rack_1,Supor_2/22/23,Supor
eSG_E03_21w_0120,eSG_E03_21w_0120,Maine-eDNA (Hitchner),Supor_Rack_1,Supor_2/22/23,Supor
eSG_E03_22w_0077,eSG_E03,Maine-eDNA (Hitchner),Supor_Rack_2,Supor_4/12/23,Supor
eSG_E03_22w_0080,eSG_E03,Maine-eDNA (Hitchner),Supor_Rack_2,Supor_4/12/23,Supor
eSG_E03_22w_0084,eSG_E03,Maine-eDNA (Hitchner),Supor_Rack_2,Supor_4/12/23,Supor
eSG_E03_22w_0085,eSG_E03,Maine-eDNA (Hitchner),Supor_Rack_2,Supor_4/12/23,Supor
eSG_E03_22w_0089,eSG_E03,Maine-eDNA (Hitchner),Supor_Rack_2,Supor_4/12/23,Supor
eSG_E03_22w_0090,eSG_E03,Maine-eDNA (Hitchner),Supor_Rack_2,Supor_4/12/23,Supor
eSG_E03_22w_0092,eSG_E03,Maine-eDNA (Hitchner),Supor_Rack_2,Supor_4/12/23,Supor
eSG_E03_22w_0095,eSG_E03,Maine-eDNA (Hitchner),Supor_Rack_2,Supor_4/12/23,Supor
eSG_E03_22w_0099,eSG_E03,Maine-eDNA (Hitchner),Supor_Rack_2,Supor_4/12/23,Supor
eSG_E03_22w_0100,eSG_E03,Maine-eDNA (Hitchner),Supor_Rack_2,Supor_4/12/23,Supor
eSG_E03_22w_0104,eSG_E03,Maine-eDNA (Hitchner),Supor_Rack_2,Supor_4/12/23,Supor
eSG_E03_22w_0105,eSG_E03,Maine-eDNA (Hitchner),Supor_Rack_2,Supor_4/12/23,Supor
eSG_L01_21w_0002,eSG_L01_21w_0002,Maine-eDNA (Hitchner),Supor_Rack_2,supor2_2/17/23,Supor
eSG_L01_21w_0004,eSG_L01_21w_0004,Maine-eDNA (Hitchner),Supor_Rack_2,supor2_2/17/23,Supor
eSG_L01_21w_0009,eSG_L01_21w_0009,Maine-eDNA (Hitchner),Supor_Rack_2,supor2_2/17/23,Supor
eSG_L01_21w_0014,eSG_L01_21w_0014,Maine-eDNA (Hitchner),Supor_Rack_2,supor2_2/17/23,Supor
eSG_L01_21w_0016,eSG_L01_21w_0016,Maine-eDNA (Hitchner),Supor_Rack_2,supor2_2/17/23,Supor
eSG_L01_21w_0018,eSG_L01_21w_0018,Maine-eDNA (Hitchner),Supor_Rack_2,supor2_2/17/23,Supor
eSG_L01_21w_0022,eSG_L01_21w_0022,Maine-eDNA (Hitchner),Supor_Rack_2,supor2_2/17/23,Supor
eSG_L01_21w_0023,eSG_L01_21w_0023,Maine-eDNA (Hitchner),Supor_Rack_2,supor2_2/17/23,Supor
eSG_L01_21w_0028,eSG_L01_21w_0028,Maine-eDNA (Hitchner),Supor_Rack_2,supor2_2/17/23,Supor
eSG_L01_21w_0033,eSG_L01_21w_0033,Maine-eDNA (Hitchner),Supor_Rack_2,supor2_2/17/23,Supor
eSG_L01_21w_0037,eSG_L01_21w_0037,Maine-eDNA (Hitchner),Supor_Rack_2,supor2_2/17/23,Supor
eSG_L01_21w_0038,eSG_L01_21w_0038,Maine-eDNA (Hitchner),Supor_Rack_2,supor2_2/17/23,Supor
eSG_L01_21w_0043,eSG_L01_21w_0043,Maine-eDNA (Hitchner),Supor_Rack_2,supor2_2/17/23,Supor
eSG_L01_21w_0045,eSG_L01_21w_0045,Maine-eDNA (Hitchner),Supor_Rack_2,supor2_2/17/23,Supor
eSG_L01_21w_0048,eSG_L01_21w_0048,Maine-eDNA (Hitchner),Supor_Rack_2,supor2_2/17/23,Supor
eSG_L01_21w_0053,eSG_L01_21w_0053,Maine-eDNA (Hitchner),Supor_Rack_2,supor2_2/17/23,Supor
eSG_L01_21w_0054,eSG_L01_21w_0054,Maine-eDNA (Hitchner),Supor_Rack_2,supor2_2/17/23,Supor
eSG_L01_21w_0059,eSG_L01_21w_0059,Maine-eDNA (Hitchner),Supor_Rack_2,supor2_2/17/23,Supor
eSG_L01_21w_0063,eSG_L01_21w_0063,Maine-eDNA (Hitchner),Supor_Rack_2,supor2_2/17/23,Supor
eSG_L01_21w_0064,eSG_L01_21w_0064,Maine-eDNA (Hitchner),Supor_Rack_2,supor2_2/17/23,Supor
eSG_L01_21w_0068,eSG_L01_21w_0068,Maine-eDNA (Hitchner),Supor_Rack_2,supor2_2/17/23,Supor
eSG_L01_21w_0069,eSG_L01_21w_0069,Maine-eDNA (Hitchner),Supor_Rack_2,supor2_2/17/23,Supor
eSG_L01_21w_0074,eSG_L01_21w_0074,Maine-eDNA (Hitchner),Supor_Rack_2,supor2_2/17/23,Supor
eSG_L01_21w_0076,eSG_L01_21w_0076,Maine-eDNA (Hitchner),Supor_Rack_2,supor2_2/17/23,Supor
eSG_L01_21w_0079,eSG_L01_21w_0079,Maine-eDNA (Hitchner),Supor_Rack_2,supor2_2/17/23,Supor
eSG_L01_21w_0083,eSG_L01_21w_0083,Maine-eDNA (Hitchner),Supor_Rack_1,Supor_2/21/23,Supor
eSG_L01_21w_0084,eSG_L01_21w_0084,Maine-eDNA (Hitchner),Supor_Rack_1,Supor_2/21/23,Supor
eSG_L01_21w_0087,eSG_L01_21w_0087,Maine-eDNA (Hitchner),Supor_Rack_1,Supor_2/21/23,Supor
eSG_L01_21w_0088,eSG_L01_21w_0088,Maine-eDNA (Hitchner),Supor_Rack_1,Supor_2/21/23,Supor
eSG_L01_21w_0089,eSG_L01_21w_0089,Maine-eDNA (Hitchner),Supor_Rack_1,Supor_2/21/23,Supor
eSG_L01_21w_0094,eSG_L01_21w_0094,Maine-eDNA (Hitchner),Supor_Rack_1,Supor_2/21/23,Supor
eSG_L01_21w_0099,eSG_L01_21w_0099,Maine-eDNA (Hitchner),Supor_Rack_1,Supor_2/21/23,Supor
eSG_L01_21w_0103,eSG_L01_21w_0103,Maine-eDNA (Hitchner),Supor_Rack_1,Supor_2/21/23,Supor
eSG_L01_21w_0104,eSG_L01_21w_0104,Maine-eDNA (Hitchner),Supor_Rack_1,Supor_2/21/23,Supor
eSG_L01_21w_0105,eSG_L01_21w_0105,Maine-eDNA (Hitchner),Supor_Rack_1,Supor_2/21/23,Supor
eSG_L01_21w_0112,eSG_L01_21w_0112,Maine-eDNA (Hitchner),Supor_Rack_1,Supor_2/21/23,Supor
eSG_L01_21w_0113,eSG_L01_21w_0113,Maine-eDNA (Hitchner),Supor_Rack_1,Supor_2/21/23,Supor
eSG_L01_21w_0117,eSG_L01_21w_0117,Maine-eDNA (Hitchner),Supor_Rack_1,Supor_2/21/23,Supor
eSG_L01_21w_0118,eSG_L01_21w_0118 ,Maine-eDNA (Hitchner),Supor_Rack_1,Supor_2/21/23,Supor
eSG_L01_21w_0122,eSG_L01_21w_0122,Maine-eDNA (Hitchner),Supor_Rack_1,Supor_2/21/23,Supor
eSG_L01_21w_0123,eSG_L01_21w_0123,Maine-eDNA (Hitchner),Supor_Rack_1,Supor_2/21/23,Supor
eSG_L01_21w_0127,eSG_L01_21w_0127,Maine-eDNA (Hitchner),Supor_Rack_1,Supor_2/21/23,Supor
eSG_L01_21w_0128,eSG_L01_21w_0128,Maine-eDNA (Hitchner),Supor_Rack_1,Supor_2/21/23,Supor
eSG_L01_21w_0132,eSG_L01_21w_0132,Maine-eDNA (Hitchner),Supor_Rack_1,Supor_2/21/23,Supor
eSG_L01_21w_0133,eSG_L01_21w_0133,Maine-eDNA (Hitchner),Supor_Rack_1,Supor_2/21/23,Supor
eSG_L01_21w_0137,eSG_L01_21w_0137,Maine-eDNA (Hitchner),Supor_Rack_1,Supor_2/21/23,Supor
eSG_L01_21w_0144,eSG_L01_21w_0144,Maine-eDNA (Hitchner),Supor_Rack_1,Supor_2/21/23,Supor
eSG_L01_21w_0145,eSG_L01_21w_0145,Maine-eDNA (Hitchner),Supor_Rack_1,Supor_2/21/23,Supor
eSG_L01_21w_0150,eSG_L01_21w_0150,Maine-eDNA (Hitchner),Supor_Rack_1,Supor_2/21/23,Supor
eSG_L01_21w_0154,eSG_L01_21w_0154,Maine-eDNA (Hitchner),Supor_Rack_1,Supor_2/21/23,Supor
eSG_L01_21w_0155,eSG_L01_21w_0155,Maine-eDNA (Hitchner),Supor_Rack_1,Supor_2/21/23,Supor
eSG_L01_21w_0160,eSG_L01_21w_0160,Maine-eDNA (Hitchner),Supor_Rack_1,Supor_2/21/23,Supor
eSG_L01_21w_0165,eSG_L01_21w_0165,Maine-eDNA (Hitchner),Supor_Rack_1,Supor_2/22/23,Supor
eSG_L01_21w_0171,eSG_L01_21w_0171,Maine-eDNA (Hitchner),Supor_Rack_1,Supor_2/22/23,Supor
eSG_L01_21w_0181,eSG_L01_21w_0181,Maine-eDNA (Hitchner),Supor_Rack_1,Supor_2/22/23,Supor
eSG_L01_21w_0186,eSG_L01_21w_0186,Maine-eDNA (Hitchner),Supor_Rack_1,Supor_2/22/23,Supor
eSG_L01_21w_0190,eSG_L01_21w_0190,Maine-eDNA (Hitchner),Supor_Rack_1,Supor_2/22/23,Supor
eSG_L01_21w_0191,eSG_L01_21w_0191,Maine-eDNA (Hitchner),Supor_Rack_1,Supor_2/22/23,Supor
eSG_L01_21w_0196,eSG_L01_21w_0196,Maine-eDNA (Hitchner),Supor_Rack_1,Supor_2/22/23,Supor
eSG_L01_21w_0200,eSG_L01_21w_0200,Maine-eDNA (Hitchner),Supor_Rack_1,Supor_2/22/23,Supor
eSG_L01_21w_0201,eSG_L01_21w_0201,Maine-eDNA (Hitchner),Supor_Rack_1,Supor_2/22/23,Supor
eSG_L01_21w_0203,eSG_L01_21w_0203,Maine-eDNA (Hitchner),Supor_Rack_1,Supor_2/22/23,Supor
eSG_L01_21w_0210,eSG_L01_21w_0210,Maine-eDNA (Hitchner),Supor_Rack_1,Supor_2/22/23,Supor
eSG_L01_21w_0211,eSG_L01_21w_0211,Maine-eDNA (Hitchner),Supor_Rack_1,Supor_2/22/23,Supor
eSG_L01_21w_0216,eSG_L01_21w_0216,Maine-eDNA (Hitchner),Supor_Rack_1,Supor_2/22/23,Supor
eSG_L01_21w_0221,eSG_L01_21w_0221,Maine-eDNA (Hitchner),Supor_Rack_1,Supor_2/22/23,Supor
eSG_L01_21w_0226,eSG_L01_21w_0226,Maine-eDNA (Hitchner),Supor_Rack_1,Supor_2/22/23,Supor
eSG_L01_21w_0230,eSG_L01_21w_0230,Maine-eDNA (Hitchner),Supor_Rack_1,Supor_2/22/23,Supor
eSG_L01_21w_0231,eSG_L01_21w_0231,Maine-eDNA (Hitchner),Supor_Rack_1,Supor_2/22/23,Supor
eSG_L01_22w_0002,eSG_L01,Maine-eDNA (Hitchner),Supor_Rack_2,Supor_4/12/23,Supor
eSG_L01_22w_0005,eSG_L01,Maine-eDNA (Hitchner),Supor_Rack_2,Supor_4/12/23,Supor
eSG_L01_22w_0009,eSG_L01,Maine-eDNA (Hitchner),Supor_Rack_2,Supor_4/12/23,Supor
eSG_L01_22w_0010,eSG_L01,Maine-eDNA (Hitchner),Supor_Rack_2,Supor_4/12/23,Supor
eSG_L01_22w_0014,eSG_L01,Maine-eDNA (Hitchner),Supor_Rack_2,Supor_4/12/23,Supor
eSG_L01_22w_0015,eSG_L01,Maine-eDNA (Hitchner),Supor_Rack_2,Supor_4/12/23,Supor
eSG_L01_22w_0018,eSG_L01,Maine-eDNA (Hitchner),Supor_Rack_2,Supor_4/12/23,Supor
eSG_L01_22w_0019,eSG_L01,Maine-eDNA (Hitchner),Supor_Rack_2,Supor_4/12/23,Supor
eSG_L01_22w_0020,eSG_L01,Maine-eDNA (Hitchner),Supor_Rack_2,Supor_4/12/23,Supor
eSG_L01_22w_0023,eSG_L01,Maine-eDNA (Hitchner),Supor_Rack_2,Supor_4/12/23,Supor
eSG_L01_22w_0024,eSG_L01,Maine-eDNA (Hitchner),Supor_Rack_2,Supor_4/12/23,Supor
eSG_L01_22w_0025,eSG_L01,Maine-eDNA (Hitchner),Supor_Rack_2,Supor_4/12/23,Supor
eSG_L01_22w_0027,eSG_L01,Maine-eDNA (Hitchner),Supor_Rack_2,Supor_4/12/23,Supor
eSG_L01_22w_0029,eSG_L01,Maine-eDNA (Hitchner),Supor_Rack_2,Supor_4/12/23,Supor
eSG_L01_22w_0030,eSG_L01,Maine-eDNA (Hitchner),Supor_Rack_2,Supor_4/12/23,Supor
eSG_L01_22w_0032,eSG_L01,Maine-eDNA (Hitchner),Supor_Rack_2,Supor_4/12/23,Supor
eSG_L01_22w_0035,eSG_L01,Maine-eDNA (Hitchner),Supor_Rack_2,Supor_4/12/23,Supor
eSG_L01_22w_0039,eSG_L01,Maine-eDNA (Hitchner),Supor_Rack_2,Supor_4/12/23,Supor
eSG_L01_22w_0040,eSG_L01,Maine-eDNA (Hitchner),Supor_Rack_2,Supor_4/12/23,Supor
eSG_L01_22w_0044,eSG_L01,Maine-eDNA (Hitchner),Supor_Rack_2,Supor_4/12/23,Supor
eSG_L01_22w_0045,eSG_L01,Maine-eDNA (Hitchner),Supor_Rack_2,Supor_4/12/23,Supor
eSG_L01_22w_0049,eSG_L01,Maine-eDNA (Hitchner),Supor_Rack_2,Supor_4/12/23,Supor
eSG_L01_22w_0050,eSG_L01,Maine-eDNA (Hitchner),Supor_Rack_2,Supor_4/12/23,Supor
eSG_L01_22w_0054,eSG_L01,Maine-eDNA (Hitchner),Supor_Rack_2,Supor_4/12/23,Supor
eSG_L01_22w_0055,eSG_L01,Maine-eDNA (Hitchner),Supor_Rack_2,Supor_4/12/23,Supor
eSG_L01_22w_0059,eSG_L01,Maine-eDNA (Hitchner),Supor_Rack_2,Supor_4/12/23,Supor
eSG_L01_22w_0060,eSG_L01,Maine-eDNA (Hitchner),Supor_Rack_3,Supor2_4/12/23,Supor
eSG_L01_22w_0062,eSG_L01,Maine-eDNA (Hitchner),Supor_Rack_2,Supor_4/12/23,Supor
eSG_L01_22w_0065,eSG_L01,Maine-eDNA (Hitchner),Supor_Rack_2,Supor_4/12/23,Supor
eSG_L01_22w_0069,eSG_L01,Maine-eDNA (Hitchner),Supor_Rack_2,Supor_4/12/23,Supor
eSG_L01_22w_0070,eSG_L01,Maine-eDNA (Hitchner),Supor_Rack_2,Supor_4/12/23,Supor
eSG_L01_22w_0074,eSG_L01,Maine-eDNA (Hitchner),Supor_Rack_2,Supor_4/12/23,Supor
eSG_L01_22w_0075,eSG_L01,Maine-eDNA (Hitchner),Supor_Rack_2,Supor_4/12/23,Supor
eSG_L01_22w_0079,eSG_L01,Maine-eDNA (Hitchner),Supor_Rack_2,Supor_4/12/23,Supor
eSG_L01_22w_0080,eSG_L01,Maine-eDNA (Hitchner),Supor_Rack_2,Supor_4/12/23,Supor
eSG_L01_22w_0084,eSG_L01,Maine-eDNA (Hitchner),Supor_Rack_2,Supor_4/12/23,Supor
eSG_L01_22w_0085,eSG_L01,Maine-eDNA (Hitchner),Supor_Rack_2,Supor_4/12/23,Supor
eSG_L01_22w_0089,eSG_L01,Maine-eDNA (Hitchner),Supor_Rack_2,Supor_4/12/23,Supor
eSG_L01_22w_0090,eSG_L01,Maine-eDNA (Hitchner),Supor_Rack_2,Supor_4/12/23,Supor
eSG_L01_22w_0092,eSG_L01,Maine-eDNA (Hitchner),Supor_Rack_2,Supor_4/12/23,Supor
eSG_L01_22w_0095,eSG_L01,Maine-eDNA (Hitchner),Supor_Rack_2,Supor_4/12/23,Supor
eSG_L01_22w_0099,eSG_L01,Maine-eDNA (Hitchner),Supor_Rack_2,Supor_4/12/23,Supor
eSG_L01_22w_0100,eSG_L01,Maine-eDNA (Hitchner),Supor_Rack_2,Supor_4/12/23,Supor
eSG_L01_22w_0104,eSG_L01,Maine-eDNA (Hitchner),Supor_Rack_2,Supor_4/12/23,Supor
eSG_L01_22w_0105,eSG_L01,Maine-eDNA (Hitchner),Supor_Rack_2,Supor_4/12/23,Supor
eSG_L01_22w_0109,eSG_L01,Maine-eDNA (Hitchner),Supor_Rack_2,Supor_4/12/23,Supor
eSG_L01_22w_0110,eSG_L01,Maine-eDNA (Hitchner),Supor_Rack_2,Supor_4/12/23,Supor
eSG_L01_22w_0114,eSG_L01,Maine-eDNA (Hitchner),Supor_Rack_2,Supor_4/12/23,Supor
eSG_L01_22w_0115,eSG_L01,Maine-eDNA (Hitchner),Supor_Rack_2,Supor_4/12/23,Supor
eSG_L01_22w_0119,eSG_L01,Maine-eDNA (Hitchner),Supor_Rack_2,Supor_4/12/23,Supor
eSG_L01_22w_0120,eSG_L01,Maine-eDNA (Hitchner),Supor_Rack_2,Supor_4/12/23,Supor
eSG_L01_22w_0122,eSG_L01,Maine-eDNA (Hitchner),Supor_Rack_2,Supor_4/12/23,Supor
eSG_L01_22w_0124,eSG_L01,Maine-eDNA (Hitchner),Supor_Rack_1,Supor_2/27/23,Supor
eSG_L01_22w_0127,eSG_L01,Maine-eDNA (Hitchner),Supor_Rack_1,Supor_2/27/23,Supor
eSG_L01_22w_0131,eSG_L01,Maine-eDNA (Hitchner),Supor_Rack_1,Supor_2/27/23,Supor
eSG_L01_22w_0132,eSG_L01,Maine-eDNA (Hitchner),Supor_Rack_1,Supor_2/27/23,Supor
eSG_L01_22w_0136,eSG_L01,Maine-eDNA (Hitchner),Supor_Rack_1,Supor_2/27/23,Supor
eSG_L01_22w_0137,eSG_L01,Maine-eDNA (Hitchner),Supor_Rack_1,Supor_2/27/23,Supor
eSG_L01_22w_0154,,Maine-eDNA (Hitchner),Supor_Rack_3,Supor_4/17/23,Supor
eSG_L01_22w_0157,,Maine-eDNA (Hitchner),Supor_Rack_3,Supor_4/17/23,Supor
eSG_L01_22w_0161,,Maine-eDNA (Hitchner),Supor_Rack_3,Supor_4/17/23,Supor
eSG_L01_22w_0162,,Maine-eDNA (Hitchner),Supor_Rack_3,Supor_4/17/23,Supor
eSG_L01_22w_0166,,Maine-eDNA (Hitchner),Supor_Rack_3,Supor_4/17/23,Supor
eSG_L01_22w_0167,,Maine-eDNA (Hitchner),Supor_Rack_3,Supor_4/17/23,Supor
eSG_L01_22w_0171,,Maine-eDNA (Hitchner),Supor_Rack_3,Supor_4/17/23,Supor
eSG_L01_22w_0172,,Maine-eDNA (Hitchner),Supor_Rack_3,Supor_4/17/23,Supor
eSG_L01_22w_0176,,Maine-eDNA (Hitchner),Supor_Rack_3,Supor_4/17/23,Supor
eSG_L01_22w_0177,,Maine-eDNA (Hitchner),Supor_Rack_3,Supor_4/17/23,Supor
eSG_L01_22w_0181,,Maine-eDNA (Hitchner),Supor_Rack_3,Supor_4/17/23,Supor
eSG_L01_22w_0182,,Maine-eDNA (Hitchner),Supor_Rack_3,Supor_4/17/23,Supor